projectKey,repoKey,packageType,size,sizeBytes
"","TOTAL","","285.32 TB",313711908414648
"abbp2mz1","abbp2mz1-build-info","BuildInfo","0 bytes",0
"admcoe","admcoe-build-info","BuildInfo","0 bytes",0
"admlmsol","admlmsol-build-info","BuildInfo","0 bytes",0
"ag-blackduck-wrapper","ag-blackduck-wrapper-docker-local","Docker","2.13 GB",2283844985
"ag-blackduck-wrapper","npm-local","npm","2.00 GB",2152476491
"ag-blackduck-wrapper","ag-blackduck-wrapper-gradle","Gradle","335 bytes",335
"ag-blackduck-wrapper","ag-blackduck-wrapper-build-info","BuildInfo","0 bytes",0
"ag-blackduck-wrapper","ag-blackduck-wrapper-federated","Gradle","0 bytes",0
"ag-blackduck-wrapper","ag-blackduck-wrapper-gradle-service-cache","Gradle","0 bytes",0
"ag-blackduck-wrapper","ag-blackduck-wrapper-npm-federated","npm","0 bytes",0
"ag-blackduck-wrapper","ag-blackduck-wrapper-npm-vr","npm","0 bytes",0
"agailed","agailed-mlflow-images","Docker","7.21 GB",7737056973
"agailed","agailed-build-info","BuildInfo","0 bytes",0
"agamm","agamm-virtual-repo","Maven","317 bytes",317
"agamm","agamm-build-info","BuildInfo","0 bytes",0
"aginfra","privado-local","Docker","16 bytes",16
"aginfra","aginfra-build-info","BuildInfo","0 bytes",0
"aginternal","aginternal-mavenTestVulnarability","Maven","478.40 KB",489884
"aginternal","aginternal-build-info","BuildInfo","0 bytes",0
"ailedse","ai-led-se","Docker","2.12 TB",2329375775544
"ailedse","ailedse-build-info","BuildInfo","0 bytes",0
"ailedse","ailedse-jdk-poc","HelmOCI","0 bytes",0
"ainadel","docker-infyaihub-pinnacle","Docker","8.70 GB",9341649101
"ainadel","python-infyaihub-pinnacle","Pypi","32.30 KB",33078
"ainadel","ainadel-build-info","BuildInfo","0 bytes",0
"ainadel","Mavern-infyaihub-pinnacle","Maven","0 bytes",0
"aip","aip-build-info","BuildInfo","0 bytes",0
"airbus","GSE","Generic","82.38 MB",86380849
"airbus","libs-dwr","Maven","21.57 KB",22084
"airbus","DWR-VIRTUAL-REPO","Maven","313 bytes",313
"airbus","airbus-build-info","BuildInfo","0 bytes",0
"airbus","DWR-LOCAL-REPO","Maven","0 bytes",0
"ajeyadb","ajeyadb-build-info","BuildInfo","0 bytes",0
"akash","akash-build-info","BuildInfo","0 bytes",0
"allremote","allremote-build-info","BuildInfo","0 bytes",0
"anzproj","anzproj-build-info","BuildInfo","0 bytes",0
"aqi","docker-remote-cache","Docker","1.42 TB",1566299389506
"aqi","aqi-build-info","BuildInfo","0 bytes",0
"autonomous-store","vision-ops-sdk-docker","Docker","464.08 GB",498303536173
"autonomous-store","autonomous-store-build-info","BuildInfo","0 bytes",0
"barista","barista-build-info","BuildInfo","0 bytes",0
"bccorenft","bccorenft-build-info","BuildInfo","0 bytes",0
"bebot","bebot-repo","Generic","14.65 KB",15004
"bebot","bebot-build-info","BuildInfo","0 bytes",0
"bofa","bofa-build-info","BuildInfo","0 bytes",0
"bpcore","bpcore-build-info","BuildInfo","0 bytes",0
"btfn6ndx","plugins.gradle-remote-cache","Gradle","835.64 MB",876235665
"btfn6ndx","maven-google-com-remote-cache","Maven","983.45 KB",1007054
"btfn6ndx","btfn6ndx-build-info","BuildInfo","0 bytes",0
"btfn6ndx","repo.maven.apache_gradle-remote-cache","Gradle","0 bytes",0
"cabbots","cabbots-build-info","BuildInfo","0 bytes",0
"ccdblaks","ccdblaks-docker-local","Docker","16 bytes",16
"ccdblaks","ccdblaks-build-info","BuildInfo","0 bytes",0
"ccdblaks","ccdblaks-rpm-local","RPM","0 bytes",0
"ccddcm-iremote","ccddcm-iremote-build-info","BuildInfo","0 bytes",0
"cehrepo","CEHREPO","Maven","3.68 MB",3855740
"cehrepo","cehrepo-build-info","BuildInfo","0 bytes",0
"chainguard","chainguard-cache","Docker","323.67 MB",339393626
"chainguard","chainguard-build-info","BuildInfo","0 bytes",0
"citiicon","CITI-icon-payment-poc","Generic","28.83 MB",30235128
"citiicon","citiicon-build-info","BuildInfo","0 bytes",0
"cmapimanag","cmapimanag-build-info","BuildInfo","0 bytes",0
"comcast","comcast-build-info","BuildInfo","0 bytes",0
"cortex","cortex-build-info","BuildInfo","0 bytes",0
"cox","cox-build-info","BuildInfo","0 bytes",0
"cs-ppcgcp100","jfrog-gke-local","Docker","1.81 GB",1945618707
"cs-ppcgcp100","repo-test-local-docker","Docker","4.43 KB",4540
"cs-ppcgcp100","cs-ppcgcp100-build-info","BuildInfo","0 bytes",0
"cscontent","cscontent-build-info","BuildInfo","0 bytes",0
"cybersec","cybersec-trumpf","Maven","41.78 KB",42784
"cybersec","cybersec-build-info","BuildInfo","0 bytes",0
"dabm","dabm-build-info","BuildInfo","0 bytes",0
"datawizard","solutions","Docker","16.29 GB",17489115689
"datawizard","datawizard-build-info","BuildInfo","0 bytes",0
"ddd","ddd-gradle-plugins-remote-cache","Maven","4.35 GB",4672028471
"ddd","ddd-npm-remote-cache","npm","65.53 MB",68712911
"ddd","ddd-maven-remote","Maven","44.10 KB",45162
"ddd","ddd-maven-central-remote-cache","Maven","6.05 KB",6191
"ddd","ddd-build-info","BuildInfo","0 bytes",0
"ddd","ddd-dicos-npm-repo","npm","0 bytes",0
"default","auto-trashcan","NA","34.35 TB",37764679177979
"default","huggingface-remote-cache","HuggingFaceML","13.27 TB",14594901609247
"default","dockerelastic-remote-cache","Docker","12.31 TB",13531920227657
"default","releases-jfrog-cache","Docker","5.80 TB",6376798913166
"default","swe-bench-docker-local","Docker","4.94 TB",5434872417330
"default","stg-ai-products","Docker","2.11 TB",2323662092055
"default","docker-gcr-cache","Docker","2.03 TB",2232309808190
"default","docker-stackable-cache","Docker","1.97 TB",2169698448067
"default","aws-ecr-dockerremote-cache","Docker","1.14 TB",1258603167167
"default","infyagenticrepo","Docker","1.12 TB",1230576033306
"default","rai-jp","Docker","1.11 TB",1224320289417
"default","redhat-remote-cache","Docker","1.04 TB",1146952933194
"default","customer-intelligence-platform","Docker","982.60 GB",1055061574893
"default","ksa-ews","Docker","945.78 GB",1015521947064
"default","nia-chatbot-solutions","Docker","796.86 GB",855618863424
"default","tpz-ai-docker","Docker","679.10 GB",729173242310
"default","codeium-cache","Docker","617.58 GB",663118329031
"default","doe-maven-repo","Maven","602.78 GB",647227555048
"default","assess-iap-docker","Docker","587.39 GB",630704589646
"default","privasapien-docker-remote-docker-cache","Docker","451.59 GB",484892834651
"default","icets-cn-docker","Docker","378.20 GB",406092246783
"default","idss_maven","Maven","322.92 GB",346736224580
"default","is-remote-redhat-remote-cache","Docker","279.96 GB",300604619115
"default","pypi-org-remote-cache","Pypi","272.94 GB",293072112239
"default","finacle-du-flcm-custom-images","Docker","216.77 GB",232754201734
"default","ccdsdam-ocp","Docker","212.43 GB",228097151020
"default","npm-remote-cache","npm","195.98 GB",210430441785
"default","dockerquay-cache","Docker","168.73 GB",181170942745
"default","ghcr-remote-cache","Docker","158.07 GB",169722908015
"default","ai-workbench-docker-local","Docker","148.86 GB",159838146858
"default","ivs-ss-solutiondev","Docker","148.14 GB",159060296505
"default","cybernext-simbian","Docker","142.75 GB",153273382861
"default","sdam-nkp-repo","Docker","135.36 GB",145339906428
"default","automated-obligation--extractor","Docker","133.77 GB",143639162312
"default","marketingwpsites","Docker","100.05 GB",107430433532
"default","imagineer","Docker","98.04 GB",105272290113
"default","istopazai","Docker","85.16 GB",91438508365
"default","is-remote-redhat-quay-cache","Docker","74.64 GB",80148755147
"default","tanzu-repo","Docker","74.60 GB",80105387164
"default","docker-bdc-cache","Docker","73.21 GB",78603410911
"default","huggingface-local","HuggingFaceML","68.88 GB",73960837611
"default","privado-docker-cache","Docker","61.75 GB",66308887777
"default","jcenter-cache","Maven","59.44 GB",63822193322
"default","infosys-eta-wingspan-dwx","Docker","58.52 GB",62833916626
"default","IDW-maven","Maven","57.56 GB",61805196605
"default","org-oci-dhi-remote-cache","Docker","57.41 GB",61648760964
"default","generic-remote-cache","Generic","54.00 GB",57985859411
"default","kgs-gcr-cache","Docker","52.36 GB",56219810028
"default","iedps-mvn-dev","Maven","51.75 GB",55562017545
"default","kubernetes-registry-cache","Docker","45.99 GB",49381886266
"default","pytorch-remote-cache","Pypi","43.89 GB",47129423019
"default","infy-securiti","Docker","41.19 GB",44223856965
"default","agassessments-repo","Generic","40.10 GB",43060842599
"default","aina-llmops-docker","Docker","39.71 GB",42635120456
"default","Infosys-Unified-Communication","Pypi","38.47 GB",41307737374
"default","ams-buddy-docker-local","Docker","38.35 GB",41182767081
"default","nvcr-private-remote-cache","Docker","37.28 GB",40024360503
"default","golden-images","Docker","37.09 GB",39824122197
"default","ubs-poc","Docker","35.54 GB",38159447584
"default","nutanix-nkp","Docker","35.48 GB",38091886062
"default","yarn-npm-cache","npm","32.26 GB",34642166982
"default","epm-apipoc","Docker","30.36 GB",32599164689
"default","sdam-nkp-nai","Docker","30.24 GB",32466098862
"default","ibap-docker","Docker","28.92 GB",31053336968
"default","imp-minio-files","Generic","28.14 GB",30218311486
"default","libs-release-local","Maven","26.78 GB",28758144007
"default","bisf-vfz-codaxy","Docker","25.75 GB",27653289967
"default","ui-core","Docker","23.76 GB",25514746685
"default","sdam-tap-packages","Docker","22.64 GB",24307726930
"default","iig-ui-docker-local","Docker","22.60 GB",24263442907
"default","nova-docker-local","Docker","21.81 GB",23416655356
"default","stg-common","Docker","21.46 GB",23045573642
"default","uploaded","Generic","21.04 GB",22592576643
"default","nvcr-nvidia-remote-cache","Docker","20.97 GB",22515114287
"default","cgr-docker-remote-cache","Docker","18.15 GB",19489054010
"default","akaashrepo","Docker","17.96 GB",19285096887
"default","jfrog-billing-logs","Generic","16.11 GB",17300336299
"default","iwap","Docker","15.31 GB",16435269237
"default","pypiinfra-cache","Pypi","15.09 GB",16207608558
"default","icrdocker-remote-cache","Docker","14.67 GB",15749225965
"default","sdam-eks-repo-local","Docker","14.01 GB",15045014979
"default","AG-ITAF-plugins","Generic","12.60 GB",13527390989
"default","npm","npm","12.47 GB",13384835557
"default","nvcr-remote-cache","Docker","12.21 GB",13113505538
"default","cme-agentic-docker-local","Docker","11.42 GB",12260189735
"default","swaggerhub","Docker","11.39 GB",12232011549
"default","stg-dna-mu-docker","Docker","11.08 GB",11897535201
"default","debian-remote-cache","Debian","9.62 GB",10328259635
"default","jetbrains-remote-cache","Maven","9.15 GB",9822841749
"default","dockerrpm-remote-cache","RPM","8.74 GB",9385176949
"default","vn-npm-remote-cache","npm","8.41 GB",9034633207
"default","meridian","Docker","8.22 GB",8830650659
"default","pics-core-npm-remote-cache","npm","8.04 GB",8629625744
"default","comcast-docker","Docker","7.59 GB",8151882425
"default","pub.dev-remote-cache","Pub","7.59 GB",8145563737
"default","debian","Debian","7.57 GB",8123230756
"default","sdam-minio-repo","Docker","7.33 GB",7868198486
"default","cloudera-cache","Maven","7.21 GB",7741317763
"default","gradle_generic_repo-cache","Generic","7.10 GB",7622533688
"default","dockermicrosoft-cache","Docker","7.06 GB",7584430622
"default","blackduck-cache","Docker","6.13 GB",6579951349
"default","nuget-remote-cache","NuGet","6.08 GB",6527969929
"default","ilead-vm","Docker","6.03 GB",6479677556
"default","owb-docker-registry","Docker","6.02 GB",6469061313
"default","storage-googleapis-flutter-cache","Maven","5.81 GB",6236401343
"default","flutter-remote-cache","Pub","5.73 GB",6156883866
"default","codeant-cache","Docker","5.47 GB",5878212878
"default","gradle-test-cache","Gradle","5.03 GB",5399527708
"default","redhat-quay-cache","Docker","4.89 GB",5251242676
"default","genesys-config-tool-docker","Docker","4.77 GB",5125359034
"default","is-remote-redhat-portworx-cache","Docker","4.72 GB",5070976710
"default","icets-ct-maven","Maven","4.29 GB",4604967839
"default","infyjpai-docker-local","Docker","4.21 GB",4521556828
"default","Flowise-npm-remote-cache","npm","4.15 GB",4458767382
"default","pcf-tool","Docker","4.10 GB",4404877148
"default","is-chainguard-private-cache","Docker","4.07 GB",4369362488
"default","cobalt-airline-cloud","Docker","3.96 GB",4254341120
"default","immp_maven_federated","Maven","3.87 GB",4156740922
"default","ainadel-mms-kubeflow","Docker","3.84 GB",4128531703
"default","is-remote-redhat-connect-cache","Docker","3.84 GB",4126239175
"default","vn-docker-remote-cache","Docker","3.71 GB",3983820294
"default","rpm9-remote-cache","RPM","3.37 GB",3614126702
"default","terraform-remote-cache","Terraform","3.26 GB",3505527387
"default","shivangi-docker","Docker","3.24 GB",3479475655
"default","google-generic-repo-cache","Generic","3.23 GB",3463937949
"default","rpm-centos-em-cache","RPM","3.16 GB",3395467880
"default","training-material","Generic","3.15 GB",3379539449
"default","LeadBuddy-plugins","Generic","3.06 GB",3288175386
"default","infosys-ciscld-gcp","Docker","2.98 GB",3199104811
"default","icets-cn-generic","Generic","2.97 GB",3192767776
"default","maven_remote_gradle-cache","Maven","2.94 GB",3156536317
"default","maven-apache-remote-cache","Maven","2.79 GB",2992441319
"default","idfschematics-docker","OCI","2.78 GB",2984872763
"default","chd-hackathon","Docker","2.61 GB",2804670192
"default","maven-ceon-cache","Maven","2.58 GB",2771772930
"default","ANZ_IBSC_release","Maven","2.54 GB",2728658092
"default","barista-docker","Docker","2.51 GB",2695271695
"default","idss-docker","Docker","2.47 GB",2655063774
"default","Gradle-distribution-cache","Generic","2.46 GB",2640486311
"default","xebialabs-cache","Docker","2.41 GB",2584373327
"default","rk-docker-remote-cache","Docker","2.20 GB",2366078048
"default","smb-solution-backend-docker-local","Docker","2.20 GB",2364770345
"default","debian-virtual","Debian","2.03 GB",2177488235
"default","rpm-remote-cache","RPM","2.01 GB",2158838125
"default","isea","Docker","1.96 GB",2103554366
"default","php-remote-cache","Composer","1.94 GB",2086685947
"default","dl.google-remote-cache","Gradle","1.93 GB",2076235355
"default","iig-docker-repo","Docker","1.92 GB",2062325016
"default","test1-npm-remote-cache","npm","1.89 GB",2033821131
"default","Hortonworks-cache","Maven","1.89 GB",2027878624
"default","sonarqube-installation-cache","Generic","1.84 GB",1976270625
"default","Reuse-Components","Gradle","1.80 GB",1934866727
"default","sonatype-cache","Maven","1.77 GB",1896463937
"default","fedora-rpm-cache","RPM","1.75 GB",1882231950
"default","InfyIT-npm-group","npm","1.74 GB",1867097687
"default","ciscld-idac","Docker","1.71 GB",1841184424
"default","debian_virtual","Debian","1.71 GB",1837623192
"default","alpine_linux-cache","Alpine Linux","1.70 GB",1822041881
"default","idrm-docker-local","Docker","1.63 GB",1750490799
"default","redhat-finacle-remote-cache","Docker","1.58 GB",1698751157
"default","TMO-npm-remote-cache","npm","1.40 GB",1506769688
"default","treandmicro-docker-local","Docker","1.38 GB",1479086482
"default","project-yoda-npm","npm","1.34 GB",1437580646
"default","cocoapods-remote-repo-cache","CocoaPods","1.24 GB",1327762447
"default","Generic-ollama-remote1-cache","Generic","1.22 GB",1311562003
"default","IVS_Solution_Builds","Generic","1.21 GB",1302550430
"default","rpm-remote-9-cache","RPM","1.05 GB",1124914453
"default","Gradle_google_remote-cache","Gradle","1.05 GB",1122918819
"default","maven-aspose-cache","Maven","1.02 GB",1094990508
"default","Conda-forge-cache","Conda","998.38 MB",1046876512
"default","debian_remote_test-cache","Debian","987.38 MB",1035338983
"default","gitlab-remote-cache","Docker","946.00 MB",991954029
"default","github-releases-remote-cache","Generic","939.60 MB",985240093
"default","aicloud-customized-docker","Docker","931.40 MB",976644050
"default","infosys-polycloud-platform","Docker","892.67 MB",936034523
"default","jfrog-full-sync-info","Generic","843.63 MB",884610668
"default","dex-app-docker","Docker","814.78 MB",854360262
"default","Kubernetes-rpm-cache","RPM","811.57 MB",850992731
"default","conda","Conda","756.62 MB",793376325
"default","swift-remote-cache","Swift","746.26 MB",782515462
"default","hf-remote-cache","HuggingFaceML","732.21 MB",767782205
"default","commvault-docker-remote-cache","Docker","724.25 MB",759427743
"default","Generic-cypress-cache","Generic","707.17 MB",741517579
"default","iseaplayground","Docker","683.61 MB",716818289
"default","Camel-cache","Maven","639.34 MB",670391805
"default","mcr-docker-remote-cache","Docker","589.26 MB",617883910
"default","cranstudio-remote-cache","CRAN","585.49 MB",613928208
"default","cleanstart-local","Docker","580.10 MB",608274164
"default","php-git-remote-cache","Composer","577.67 MB",605730087
"default","rpm-microsoft-remote-cache","RPM","575.87 MB",603841569
"default","kdb-cache","Docker","564.56 MB",591986866
"default","ilen-google-chrome-cache","Debian","553.73 MB",580627695
"default","ilen-security-deb-cache","Debian","550.75 MB",577498295
"default","admcoe-immp","Docker","537.14 MB",563227983
"default","artifactory-pipe-info","PipeInfo","448.91 MB",470717208
"default","vmie-poc","Docker","444.40 MB",465991997
"default","is-remote-redhat-instana-icr-cache","Docker","422.83 MB",443373295
"default","cargo-remote-cache","Cargo","414.17 MB",434286259
"default","anomaly-detection-docker-local","Docker","386.60 MB",405382194
"default","nugettele-remote-cache","NuGet","382.45 MB",401031527
"default","node-v18-docker","Docker","378.42 MB",396800989
"default","Node_v18","npm","378.42 MB",396800843
"default","catchpoint-installation-cache","RPM","369.00 MB",386925764
"default","maven-mapr-remote-cache","Maven","366.91 MB",384730415
"default","apache-public-cache","Maven","362.13 MB",379720031
"default","ai-workbench","Pypi","357.68 MB",375051892
"default","Infosys-Internal-QautoITAPython-remote-cache","Pypi","348.01 MB",364912094
"default","cloudbees-cm-installation-cache","RPM","344.21 MB",360932111
"default","Magnolia-Repo-cache","Maven","337.84 MB",354250233
"default","yum-mongodb_redhat-cache","RPM","327.29 MB",343192985
"default","asha","Maven","324.27 MB",340021523
"default","qauto-deployment-team","Docker","321.47 MB",337087037
"default","ISG-CUR-NPM-REMOTE-DEMO-cache","npm","315.16 MB",330466220
"default","icets-ecr-cache","Docker","296.71 MB",311127344
"default","org-oci-dhi-remote-enterprisetooling-cache","Docker","294.17 MB",308457911
"default","spring-milestones-cache","Maven","293.04 MB",307279638
"default","infa-docker","Docker","280.73 MB",294362936
"default","cocoapods-remote-cache","CocoaPods","280.21 MB",293821796
"default","IHP_UI_Generic","Generic","278.00 MB",291505815
"default","nodejsVirtual","npm","273.30 MB",286571769
"default","gradle-remote-new-cache","Gradle","267.74 MB",280740735
"default","blackduck-repo-cache","Generic","256.17 MB",268613450
"default","reactnpm_poc_virtual","npm","255.62 MB",268038633
"default","JFrogCLI-generic-remote-cache","Generic","254.99 MB",267373655
"default","isg-npm","npm","245.40 MB",257320632
"default","php_composer_remote_Git-cache","Composer","244.34 MB",256213218
"default","clojar-cache","Maven","240.64 MB",252325266
"default","go-remote_comcast-cache","Go","235.71 MB",247163332
"default","boost-remote-cache","Generic","235.47 MB",246908001
"default","pytorch-generic-remote-cache","Generic","233.22 MB",244545539
"default","debian_remote1-cache","Debian","229.46 MB",240608018
"default","python-test-repo","Pypi","217.83 MB",228408927
"default","Gradle_remote-cache","Generic","214.18 MB",224584249
"default","conda-remote-cache","Conda","213.58 MB",223955344
"default","pypi-dbt-cache","Pypi","210.50 MB",220722548
"default","project-yoda-maven","Maven","207.02 MB",217080511
"default","yum-mysql-cache","RPM","195.36 MB",204845642
"default","cloudbees-oc-installation-cache","RPM","187.55 MB",196655907
"default","todd-fmk","Docker","186.96 MB",196042454
"default","Cypress-Generic-local","Generic","186.46 MB",195519802
"default","Generic-playwright-browser-remote-cache","Generic","179.35 MB",188064416
"default","is-remote-gcr-kasten-cache","Docker","177.34 MB",185949496
"default","Lion-remote-test-cache","Maven","171.60 MB",179940363
"default","jfrog-new-automation","Generic","165.77 MB",173821226
"default","npm-remote-electon-cache","npm","161.18 MB",169007434
"default","rk-npm-remote-cache","npm","160.32 MB",168108983
"default","composer_php-cache","Composer","159.64 MB",167393189
"default","myMastery-Flutter-cache","Pub","146.47 MB",153579762
"default","npm-icets-ct","npm","137.24 MB",143901906
"default","epel-cache","RPM","135.12 MB",141686882
"default","npm-magnolia-cms-remote-cache","npm","134.88 MB",141435858
"default","Confluent-cache","Maven","132.14 MB",138561489
"default","lkq-docker-local","Docker","124.55 MB",130596545
"default","ag-cran-remote-cache","CRAN","118.73 MB",124502380
"default","php_composer_remote_drupal-cache","Composer","115.77 MB",121397556
"default","maven-eclipse-remote-cache","Maven","112.09 MB",117534730
"default","php_remote-cache","Composer","107.20 MB",112403339
"default","rivigo-remote-cache","Maven","104.99 MB",110094620
"default","Kubernetes-debian-k8s-remote-cache","Debian","98.69 MB",103486192
"default","dhi-test-cache","Docker","93.28 MB",97808514
"default","download-docker-com-linux-ubuntu-remote-cache","Debian","90.22 MB",94598043
"default","tmo-docker-remote-cache","Docker","86.68 MB",90890037
"default","generic-remote-git-cache","Generic","74.96 MB",78601664
"default","tmo-docker-local","Docker","74.89 MB",78532472
"default","jitpack-remote_gradle-cache","Gradle","73.77 MB",77351876
"default","infosysmoss","Maven","72.31 MB",75822129
"default","InfosysXRPlatformBackend","npm","72.27 MB",75785513
"default","clojars_maven-cache","Maven","69.68 MB",73065080
"default","node-npm-generic-remote-cache","Generic","67.21 MB",70475518
"default","yum-nodesource-cache","RPM","63.92 MB",67027559
"default","composer-remote-cache","Composer","60.99 MB",63954927
"default","test-npm-remote-cache","npm","58.85 MB",61703738
"default","jfrog-policy-reports-local","Generic","56.18 MB",58912413
"default","pipelines-tasks-remote-cache","Generic","54.85 MB",57518110
"default","nix-github-remote-cache","Nix","54.61 MB",57262563
"default","ruby_remote-cache","Gems","52.29 MB",54832378
"default","sdam-netapp-cache","Docker","51.61 MB",54112929
"default","SANDEEP-NPM-REMOTE-DEMO-cache","npm","49.99 MB",52415111
"default","debian_open_source_lab-cache","Debian","48.98 MB",51355505
"default","QAUTO_npm","npm","44.28 MB",46432744
"default","maven-remote-test-cache","Maven","44.14 MB",46288935
"default","pub-remote-demo-cache","Pub","43.35 MB",45456893
"default","project-yoda-generic","Generic","42.86 MB",44944102
"default","rpm-postgres-cache","RPM","42.03 MB",44066519
"default","Generic-Docker-cache","Generic","41.49 MB",43508880
"default","sandeep-maven-remote-cache","Maven","40.39 MB",42351900
"default","IRGM","Maven","37.13 MB",38931540
"default","asset-composer-remote-cache","Composer","34.89 MB",36585940
"default","ubuntu-secruty-remote-cache","Debian","33.96 MB",35610981
"default","jaspersoft-maven-cache","Maven","30.56 MB",32039251
"default","pHP-remote1-cache","Composer","30.52 MB",32007648
"default","Debian-security-remote-cache","Debian","27.27 MB",28595671
"default","gradle_remote_Arun_private-cache","Gradle","26.94 MB",28249124
"default","pHP-remote2-cache","Composer","26.55 MB",27840450
"default","PHP-cache","Composer","25.08 MB",26301087
"default","yum-datastax-cache","RPM","24.51 MB",25701356
"default","cip-pypi","Pypi","24.42 MB",25604099
"default","sandeep-maven-local","Maven","24.00 MB",25165482
"default","alpine","Alpine Linux","23.63 MB",24780186
"default","chain-guard-docker-remote-cache","Docker","21.29 MB",22322507
"default","InfosysXRPlatformFrontend","npm","21.21 MB",22235092
"default","maven-dist1-cache","Maven","17.81 MB",18673540
"default","helm-installer-bethsay-cache","Generic","17.51 MB",18361450
"default","artifactory-build-info","BuildInfo","17.34 MB",18177113
"default","pytorch-cache","Pypi","17.12 MB",17947089
"default","Generic-remote-google-cache","Generic","16.91 MB",17726863
"default","ilead-npm","npm","16.86 MB",17681140
"default","Gradle_m2-cache","Maven","16.55 MB",17348932
"default","apache-service-cache","Maven","14.55 MB",15258300
"default","php-raw-github-remote-cache","Composer","14.07 MB",14752249
"default","release-bundles","NA","13.19 MB",13830645
"default","helm","Helm","11.57 MB",12136554
"default","ilen-virtual-new-admin","Generic","10.19 MB",10684880
"default","jboss-public-cache","Maven","9.53 MB",9992295
"default","helm-charts-cache","Helm","9.38 MB",9839197
"default","ranga_PKGroup","Gems","9.09 MB",9530207
"default","Ruby_Gems","Gems","9.09 MB",9530201
"default","ruby","Gems","9.02 MB",9456792
"default","stg-ai-products-python","Pypi","8.69 MB",9114265
"default","jenkins_plugin","Maven","8.62 MB",9041395
"default","cucumber.github.io-cache","P2","8.53 MB",8941348
"default","jfrog-cli-installation-cache","RPM","8.50 MB",8910218
"default","Infyit_group","Maven","8.19 MB",8591254
"default","Maven_Remote_11-cache","Maven","7.95 MB",8335771
"default","webtatic-yum-cache","RPM","7.94 MB",8324187
"default","Rubygems-cache","Gems","7.85 MB",8232007
"default","ranga_PK-cache","Gems","7.85 MB",8227628
"default","Flowise-generic-remote-cache","Generic","7.30 MB",7658567
"default","cdn-cocoapods-remote-cache","CocoaPods","7.22 MB",7566554
"default","Remote_Maven_Github-cache","Maven","6.91 MB",7250889
"default","Maven-custom-remote-cache","Maven","6.61 MB",6926249
"default","stg_observability_gradle","Gradle","5.97 MB",6262063
"default","ui-library-npm-local","npm","5.91 MB",6197367
"default","AXAXLMVN","Maven","4.60 MB",4819837
"default","GSTN-Group","Maven","4.07 MB",4264262
"default","curl-remote-cache","Generic","4.03 MB",4220899
"default","compport-docker-remote-cache","Docker","4.01 MB",4204056
"default","icets","Maven","3.82 MB",4002259
"default","libs-snapshot","Maven","3.68 MB",3856050
"default","generic-local","Generic","3.56 MB",3729733
"default","composer-installer-remote-cache","Generic","3.46 MB",3625090
"default","Generic-local-Xray","Generic","3.20 MB",3358222
"default","pypi-pytorch-cache","Pypi","2.67 MB",2795878
"default","PUMAAutomation-remote-cache","npm","2.44 MB",2563697
"default","maven-dist-cache","Maven","2.27 MB",2381453
"default","dl.google.m2-cache","Gradle","2.17 MB",2277460
"default","jcenterGroup","Maven","1.94 MB",2034364
"default","cmtadm-digital-boss-maven","Maven","1.84 MB",1924468
"default","Generic_remote_sqlite-cache","Generic","1.74 MB",1826079
"default","Jenkins-CI-Plugins-cache","Maven","1.67 MB",1746524
"default","unpkg-generic-remote-cache","Generic","1.31 MB",1369805
"default","debian-nvidia-repo-cache","Debian","1.13 MB",1188708
"default","project-yoda-gradle","Gradle","1.03 MB",1082718
"default","helm-incub-cache","Helm","1,014.58 KB",1038933
"default","livekit-podspecs-cocoapods-remote-cache","CocoaPods","887.35 KB",908647
"default","mapsted-podspec-cocoapods-remote-cache","CocoaPods","887.35 KB",908647
"default","salesforce-specs-cocoapods-remote-cache","CocoaPods","887.35 KB",908647
"default","helm-dhi-docker-remote-cache","HelmOCI","630.34 KB",645464
"default","helm-elastic-cache","Helm","558.89 KB",572300
"default","devopscoe-maven-virtual","Maven","484.88 KB",496516
"default","Uniken-gradle-cache","Gradle","342.60 KB",350823
"default","RPM-RHEL8-cache","RPM","331.47 KB",339429
"default","project-yoda-pypi","Pypi","320.72 KB",328413
"default","Generic-Remote-Electron-cache","Generic","309.34 KB",316769
"default","User-Cleanup-Report-Dump","Generic","260.86 KB",267120
"default","ETA_IVS_REPO","Maven","257.65 KB",263837
"default","debian_remote2-cache","Debian","252.03 KB",258075
"default","coderhelm","Helm","248.86 KB",254829
"default","coderhelm-remote-cache","Helm","234.09 KB",239713
"default","project-yoda-virtual","Maven","215.27 KB",220434
"default","test-pypi-cache","Pypi","212.72 KB",217825
"default","github-cli-cache","VCS","193.05 KB",197688
"default","fbp-artifacts","Generic","154.06 KB",157754
"default","anaconda-cache","Pypi","125.12 KB",128122
"default","conda-esri-cache","Pypi","125.12 KB",128122
"default","helm-seldon-cache","Helm","107.54 KB",110123
"default","helm-min-cache","Helm","105.67 KB",108211
"default","psv-player-group","npm","95.51 KB",97798
"default","yum-redhat-stable-cache","RPM","91.44 KB",93639
"default","ansible-installation-cache","Generic","65.58 KB",67157
"default","dex-app-npm","npm","65.12 KB",66682
"default","docker-vmware-remote-cache","Docker","60.70 KB",62161
"default","Comcast_maven","Maven","59.72 KB",61155
"default","ghci-oci-helm-remote-cache","HelmOCI","56.31 KB",57665
"default","p2-virtual-repo","P2","46.59 KB",47707
"default","niranjan-npm-fed","npm","45.23 KB",46313
"default","debian_security-cache","Debian","45.22 KB",46304
"default","libs-check","Maven","41.58 KB",42580
"default","rk-npm-local","npm","31.63 KB",32394
"default","helm-google-cache","Helm","20.35 KB",20839
"default","IS_CUR_NPM_CORS_REMOTE-cache","npm","18.49 KB",18937
"default","Composer-php-cache","Generic","15.62 KB",15999
"default","nfs-helm-cache","Helm","15.39 KB",15756
"default","report-portal","Generic","14.28 KB",14618
"default","gradlemongodbcore-cache","Gradle","10.48 KB",10734
"default","OSS.Sonatype.snapshot-cache","Maven","9.82 KB",10056
"default","Artifact-Cleanup-Report-Dump","Generic","9.41 KB",9631
"default","aws-ecr-helm-cache","HelmOCI","6.96 KB",7128
"default","spring-release-maven-cache","Maven","5.07 KB",5196
"default","maven_remote_url-cache","Maven","2.98 KB",3049
"default","Elastic-Path-Public-cache","Maven","2.50 KB",2562
"default","TMO-npm-local","npm","2.50 KB",2562
"default","DuoSDK-cache","Maven","1.96 KB",2012
"default","yarn-npm-remote-cache","npm","1.72 KB",1763
"default","packagist-repo-cache","Generic","888 bytes",888
"default","drupal-repo-cache","Generic","599 bytes",599
"default","infyit-telemetry-android-sdk_group","Maven","347 bytes",347
"default","delete-repo-test-1-gradle-release","Gradle","345 bytes",345
"default","delete-repo-test-1-gradle-dev","Gradle","339 bytes",339
"default","pipelines-templates-virtual","Generic","334 bytes",334
"default","prismaintegration1-virtual","Docker","333 bytes",333
"default","prismaintegration2-virtual","Docker","333 bytes",333
"default","prismaintegration3-virtual","Docker","333 bytes",333
"default","IS_KubernetesSupport_Group","Generic","330 bytes",330
"default","pipelines-tasks-virtual","Generic","327 bytes",327
"default","Spring_Boot_Application","Maven","327 bytes",327
"default","INNOVAPOSTPCIExecution","Maven","325 bytes",325
"default","mfgiotnexus_group-python","Pypi","325 bytes",325
"default","BrownBrothersHarriman","Maven","322 bytes",322
"default","infy_de_chatbot_group","Pypi","321 bytes",321
"default","Python_Repo_New_Group","Pypi","320 bytes",320
"default","ivs-ss-data-services","Maven","319 bytes",319
"default","mfg_apple_induction","Maven","319 bytes",319
"default","mfgiotnexus_group-yum","RPM","319 bytes",319
"default","MFGADM_CISC2_SWIFT","Maven","317 bytes",317
"default","VodafoneNewZealand","Maven","317 bytes",317
"default","ag-stores-virtual","Docker","315 bytes",315
"default","ECSCATS_NFV_SDN_1","Maven","315 bytes",315
"default","HSBC_Backbase_POD","Maven","315 bytes",315
"default","IMP-Nuget-Virtual","NuGet","315 bytes",315
"default","vn-docker-virtual","Docker","315 bytes",315
"default","FinacleFinanzTools","Maven","314 bytes",314
"default","harjinder_dhanjal","Maven","314 bytes",314
"default","Santander_Virtual","Maven","314 bytes",314
"default","anz_ibsc_virtual","Maven","313 bytes",313
"default","JHipster_Virtual","Maven","313 bytes",313
"default","och-ext-lib-repo","Maven","313 bytes",313
"default","sahil_malhotra02","Maven","313 bytes",313
"default","sasmit_PythonRep","Pypi","313 bytes",313
"default","MavenTestProGroup","Maven","312 bytes",312
"default","ToyotaMotorSales","Maven","312 bytes",312
"default","DriveFactorTeam","Maven","311 bytes",311
"default","ECSCATS_NFV_sdn","Maven","311 bytes",311
"default","EVBizzApps_group","Maven","311 bytes",311
"default","Harley_Davidson","Maven","311 bytes",311
"default","IHP_API_virtual","Maven","311 bytes",311
"default","Nia_Advanced_ML","Maven","311 bytes",311
"default","PEC_ProcureEdge","Maven","311 bytes",311
"default","shubham.agastya","Maven","311 bytes",311
"default","vn-test-virtual","Maven","311 bytes",311
"default","CASTPortal-Group","Maven","310 bytes",310
"default","ISSAP_Repo_Group","Pypi","310 bytes",310
"default","axaxl_nuget_pa","NuGet","309 bytes",309
"default","Charles_Schwab","Maven","309 bytes",309
"default","CSHS_PythonRep","Pypi","309 bytes",309
"default","MyMavenProject","Maven","309 bytes",309
"default","nikhil.bhargav","Maven","309 bytes",309
"default","Eng-WalletEdge","Maven","308 bytes",308
"default","INFCAT_abhisek","Pypi","308 bytes",308
"default","mvndemoVirtual","Maven","308 bytes",308
"default","TSG-maven-Group","Maven","308 bytes",308
"default","CNHi_Shiphali","Maven","307 bytes",307
"default","dts_pypi_group","Pypi","307 bytes",307
"default","ETA_SCALAAKKA","Maven","307 bytes",307
"default","MavenMuleCICD","Maven","307 bytes",307
"default","nuget-virtual","NuGet","307 bytes",307
"default","Sachin_K_Pypi","Pypi","307 bytes",307
"default","Telkomtelstra","Maven","307 bytes",307
"default","tony.thomas06","Maven","307 bytes",307
"default","ToyotaAndroid","Maven","307 bytes",307
"default","TradeEdge_MCM","Maven","307 bytes",307
"default","IIA_MavenGroup","Maven","306 bytes",306
"default","Mareeswaran_M","Maven","306 bytes",306
"default","Charles_Schw","Maven","305 bytes",305
"default","Cisco_MFGADM","Maven","305 bytes",305
"default","EVCreditEdge","Maven","305 bytes",305
"default","icets-prisma","Docker","305 bytes",305
"default","Mercury_group","Maven","305 bytes",305
"default","och-dev-repo","Maven","305 bytes",305
"default","Praveen_pypi","Pypi","305 bytes",305
"default","puneetsahani","Maven","305 bytes",305
"default","pypi-virtual","Pypi","305 bytes",305
"default","EVAssistEdge","Maven","304 bytes",304
"default","helix-prisma","Docker","304 bytes",304
"default","SMP_IDP_Group","Maven","304 bytes",304
"default","Vista_prince","Maven","304 bytes",304
"default","AirtelMoney","Maven","303 bytes",303
"default","Caterpillar","Maven","303 bytes",303
"default","dsea_stouch","Maven","303 bytes",303
"default","ENG-FINACLE","Maven","303 bytes",303
"default","pub-virtual","Pub","303 bytes",303
"default","pypi_Niyati","Pypi","303 bytes",303
"default","Python_group","Pypi","303 bytes",303
"default","RohitGradle","Maven","303 bytes",303
"default","docker-test","Docker","302 bytes",302
"default","Agile_Demo","Maven","301 bytes",301
"default","ToolBoxNexus","Maven","301 bytes",301
"default","wellsfargo","Maven","301 bytes",301
"default","TNTExpress","Maven","300 bytes",300
"default","adidas_UI","Maven","299 bytes",299
"default","BPAccount","Maven","299 bytes",299
"default","Demo_group","Maven","299 bytes",299
"default","DevOpsMQA","Maven","299 bytes",299
"default","dockerrpm","RPM","299 bytes",299
"default","FirstData","Maven","299 bytes",299
"default","Hippo_CMS","Maven","299 bytes",299
"default","ICETSPLAT","Pypi","299 bytes",299
"default","Manoj.P04","Maven","299 bytes",299
"default","Scala-POC","Maven","299 bytes",299
"default","SCBS2BOPN","Maven","299 bytes",299
"default","SkyBrazil","Maven","299 bytes",299
"default","TradeEdge","Maven","299 bytes",299
"default","ReuseGroup","Maven","298 bytes",298
"default","ToolsGroup","Maven","298 bytes",298
"default","BOACISBS","Maven","297 bytes",297
"default","BtInfyco","Maven","297 bytes",297
"default","dockeree","RPM","297 bytes",297
"default","ENGSPDOP","Maven","297 bytes",297
"default","HSBCGTRF","Maven","297 bytes",297
"default","HSCBITSZ","Maven","297 bytes",297
"default","HSRBFDE1","Maven","297 bytes",297
"default","IDFCBank","Maven","297 bytes",297
"default","Motorola","Maven","297 bytes",297
"default","nia-aiops","Maven","297 bytes",297
"default","Pypigroup","Pypi","297 bytes",297
"default","Rentokil","Maven","297 bytes",297
"default","SOEAOSTP","Maven","297 bytes",297
"default","STARKMJ1","Maven","297 bytes",297
"default","Test_Sep","Maven","297 bytes",297
"default","TitleMaX","Maven","297 bytes",297
"default","TMETOLCH","Maven","297 bytes",297
"default","IDPMGroup","Maven","296 bytes",296
"default","RCLCNSER","Maven","296 bytes",296
"default","CISCO_1","Maven","295 bytes",295
"default","ICETSML","Maven","295 bytes",295
"default","idpmana","Maven","295 bytes",295
"default","MFG_TEC","Maven","295 bytes",295
"default","NexusTest","Maven","295 bytes",295
"default","shobhit","Maven","295 bytes",295
"default","tmobile","Maven","295 bytes",295
"default","Verizon","Maven","295 bytes",295
"default","IndiaBU","Maven","294 bytes",294
"default","Staples","Maven","294 bytes",294
"default","Amex_1","Maven","292 bytes",292
"default","docker","Docker","292 bytes",292
"default","ENGANS","Maven","292 bytes",292
"default","nissan","Maven","292 bytes",292
"default","redhat","Docker","292 bytes",292
"default","sdlacc","Maven","292 bytes",292
"default","Toyota","Maven","292 bytes",292
"default","TTIInc","Maven","292 bytes",292
"default","Amfam","Maven","291 bytes",291
"default","chdtms","Maven","291 bytes",291
"default","gitlfs","GitLfs","291 bytes",291
"default","Haier","Maven","291 bytes",291
"default","HILTI","Maven","291 bytes",291
"default","Metro","Maven","291 bytes",291
"default","NBNCO","Maven","291 bytes",291
"default","SELabs","Maven","291 bytes",291
"default","Tomra","Maven","291 bytes",291
"default","Volvo","Maven","291 bytes",291
"default","XPRES","Maven","291 bytes",291
"default","Manas","Maven","290 bytes",290
"default","Sears","Maven","290 bytes",290
"default","Bofa","Maven","289 bytes",289
"default","cran","CRAN","289 bytes",289
"default","EMTS","Maven","289 bytes",289
"default","IDFC","Maven","289 bytes",289
"default","IPIM","Maven","289 bytes",289
"default","ITRS","Maven","289 bytes",289
"default","KUKA","Maven","289 bytes",289
"default","Nike","Maven","289 bytes",289
"default","pypi","Pypi","289 bytes",289
"default","Star","Maven","289 bytes",289
"default","ULTA","Maven","289 bytes",289
"default","IAP","Maven","287 bytes",287
"default","IDP","Maven","287 bytes",287
"default","IIP","Maven","287 bytes",287
"default","PPS","Maven","287 bytes",287
"default","SRO","Maven","287 bytes",287
"default","TTI","Maven","287 bytes",287
"default","UL","Maven","285 bytes",285
"default","vw","Maven","285 bytes",285
"default","Jenkins_release-cache","Maven","255 bytes",255
"default","JenkinsCIPluginsReleases-cache","Maven","255 bytes",255
"default","swift-federated","Swift","185 bytes",185
"default","vr_tas_qlty_internal","npm","29 bytes",29
"default","agassessments-core-ui","Docker","16 bytes",16
"default","ainadel-mms-notebook","Docker","16 bytes",16
"default","ainadel-mms-nvidia","Docker","16 bytes",16
"default","ainadel-mms-pipln-baseimage","Docker","16 bytes",16
"default","cflt-solutions-docker-local","Docker","16 bytes",16
"default","cleanstart-cache","Docker","16 bytes",16
"default","cmtadm-digital-boss-docker","Docker","16 bytes",16
"default","cybernext-docker","Docker","16 bytes",16
"default","dqepoc","Docker","16 bytes",16
"default","engne-docker-local","Docker","16 bytes",16
"default","enterprise-mcp-docker-local","Docker","16 bytes",16
"default","eqs-devops","Docker","16 bytes",16
"default","face-recognition","Docker","16 bytes",16
"default","finacle-treasury","Docker","16 bytes",16
"default","frmh","Docker","16 bytes",16
"default","helix-helix-ihp-dm-docker","Docker","16 bytes",16
"default","ierms-docker","Docker","16 bytes",16
"default","ilead-immp","Docker","16 bytes",16
"default","infosys-eta-wingspan-obsrv","Docker","16 bytes",16
"default","infosys-fp-cloud","Docker","16 bytes",16
"default","infosys-internal-qautoitadocker-local","Docker","16 bytes",16
"default","infy-test-docker","Docker","16 bytes",16
"default","is-remote-redhat-instana-containers-cache","Docker","16 bytes",16
"default","is-remote-redhat-instana-public-cache","Docker","16 bytes",16
"default","isfangular-docker","Docker","16 bytes",16
"default","isgraphparsingcodedeployment","Docker","16 bytes",16
"default","itap2","Docker","16 bytes",16
"default","moveinsync","Docker","16 bytes",16
"default","mssql-cache","Docker","16 bytes",16
"default","netapp-trident","Docker","16 bytes",16
"default","noc-docker-local","Docker","16 bytes",16
"default","pbs-kafka-docker","Docker","16 bytes",16
"default","pbsapi-netcore","Docker","16 bytes",16
"default","pftrust-docker","Docker","16 bytes",16
"default","polycloud-docker","Docker","16 bytes",16
"default","pride-data-ingestion","Docker","16 bytes",16
"default","pride-feedback","Docker","16 bytes",16
"default","pride-qna","Docker","16 bytes",16
"default","redhat-remote-elf-cache","Docker","16 bytes",16
"default","sales360-k8api","Docker","16 bytes",16
"default","sbequest-executeservice","Docker","16 bytes",16
"default","sdam-eks-repo","Docker","16 bytes",16
"default","sdamtanzu","Docker","16 bytes",16
"default","smb-insight-ui-docker-local","Docker","16 bytes",16
"default","tanzu-spring-repo","Docker","16 bytes",16
"default","testcasegenerator","Docker","16 bytes",16
"default","testgarepo2","Docker","16 bytes",16
"default","topazcloudcontainerregistry-cache","Docker","16 bytes",16
"default","jdk-poc-federated","HelmOCI","13 bytes",13
"default","test-remote-test","Maven","13 bytes",13
"default","354694-cache","Generic","0 bytes",0
"default","adamz_npm","npm","0 bytes",0
"default","ADG_npm","npm","0 bytes",0
"default","adobe-remote-cache","Maven","0 bytes",0
"default","AEM_npm","npm","0 bytes",0
"default","ag-hugging-face-cache","HuggingFaceML","0 bytes",0
"default","ai-daily-deletion-framework","Docker","0 bytes",0
"default","aicld_sl_base_models","HuggingFaceML","0 bytes",0
"default","aicld_sl_FT_models","HuggingFaceML","0 bytes",0
"default","Aimia_npm","npm","0 bytes",0
"default","alpine-remote-cache","Alpine Linux","0 bytes",0
"default","anaconda-org-cache","Conda","0 bytes",0
"default","anaconda-pytorch-cache","Conda","0 bytes",0
"default","ankita_npm","npm","0 bytes",0
"default","ansible-tower-installation-cache","RPM","0 bytes",0
"default","apache-release-cache","Maven","0 bytes",0
"default","ARAS_DevOps","Generic","0 bytes",0
"default","ARCPRDEV_NPM","npm","0 bytes",0
"default","artifacts-elastic-remote-cache","Generic","0 bytes",0
"default","aspose-maven-cache","Maven","0 bytes",0
"default","auth-azure-infosys-group","npm","0 bytes",0
"default","Automated-Obligation-Extractor","Pypi","0 bytes",0
"default","BA_NPM_GROUP","npm","0 bytes",0
"default","backstage","npm","0 bytes",0
"default","BEST","Maven","0 bytes",0
"default","bethsay_temp_hombrew-cache","Generic","0 bytes",0
"default","BlackDuckMacOs-cache","Generic","0 bytes",0
"default","BotFactory-npm-group","npm","0 bytes",0
"default","BtInfyco_npm","npm","0 bytes",0
"default","Bugzilla-Modules-cache","npm","0 bytes",0
"default","Cable_Vision_npm","npm","0 bytes",0
"default","canvas-github-cache","npm","0 bytes",0
"default","canvas-remote-cache","Generic","0 bytes",0
"default","CASTPortal-npm-group","npm","0 bytes",0
"default","Cathay-Pacific-Airways-npm","npm","0 bytes",0
"default","CCDDCM-iRemote","Generic","0 bytes",0
"default","cdn.sheetjs-remote-cache","npm","0 bytes",0
"default","chainguard-remote-cache","Docker","0 bytes",0
"default","chatbot_group","npm","0 bytes",0
"default","chips-dev-pw-python-cache","Pypi","0 bytes",0
"default","cip-tools-maven","Maven","0 bytes",0
"default","Composer-virtual","Composer","0 bytes",0
"default","composer-virtual-default","Composer","0 bytes",0
"default","COXOPTIX_npm","npm","0 bytes",0
"default","cpn-repo-cache","npm","0 bytes",0
"default","CPU-packages-python-cache","Pypi","0 bytes",0
"default","cran-remote-cache","CRAN","0 bytes",0
"default","CTI-AI-Connect-Proxy","Maven","0 bytes",0
"default","CTI-Common-Entity-Bridge","Maven","0 bytes",0
"default","CTI-Core-Utility","Maven","0 bytes",0
"default","CTI-Event-Bridge-Avaya","Maven","0 bytes",0
"default","CTI-Event-Bridge-Cisco","Maven","0 bytes",0
"default","CTI-Event-Bridge-Genesys","Maven","0 bytes",0
"default","Curation-NPM-Remote-Demo-cache","npm","0 bytes",0
"default","CVS_NPM","npm","0 bytes",0
"default","cypress-io-cache","npm","0 bytes",0
"default","daypilot-npm-remote-cache","npm","0 bytes",0
"default","debian_repo2-cache","Debian","0 bytes",0
"default","Debian-security","Debian","0 bytes",0
"default","deh-finacle-stable","Maven","0 bytes",0
"default","delete-repo-test-1-gradle-dev-local","Gradle","0 bytes",0
"default","delete-repo-test-1-gradle-release-local","Gradle","0 bytes",0
"default","DemoRepo-npm-group","npm","0 bytes",0
"default","dhi-virtual","Docker","0 bytes",0
"default","dhl-npm-local","npm","0 bytes",0
"default","dhl-npm-virtual","npm","0 bytes",0
"default","docker-cleanstart-remote-cache","Docker","0 bytes",0
"default","docker-hardened-images-catalog-generic-cache","Generic","0 bytes",0
"default","docker-wso2-cache","Docker","0 bytes",0
"default","docker-wso2-remote-cache","Docker","0 bytes",0
"default","dockeree-remote-cache","RPM","0 bytes",0
"default","docwb-maven","Maven","0 bytes",0
"default","docwb-xom-maven","Maven","0 bytes",0
"default","docwblibs-PyPi","Pypi","0 bytes",0
"default","dominion-nuget","NuGet","0 bytes",0
"default","dominion-nuget-local","NuGet","0 bytes",0
"default","DPO_Securiti","Maven","0 bytes",0
"default","dts_node_group","npm","0 bytes",0
"default","DX_ReusableComponent_Repo","npm","0 bytes",0
"default","DX_ReusableComponent-group","npm","0 bytes",0
"default","DX-BLADLY-cache","Generic","0 bytes",0
"default","eclipse-maven-remote-cache","Maven","0 bytes",0
"default","ecsadm-build-info","BuildInfo","0 bytes",0
"default","edbrepo-rpm-cache","RPM","0 bytes",0
"default","Edeka_npm","npm","0 bytes",0
"default","ekw-remote-cargo-rust-cache","Cargo","0 bytes",0
"default","engne-docker-virtual","Docker","0 bytes",0
"default","ENGSP_ANTHEM","npm","0 bytes",0
"default","eqs-maven-virtual","Maven","0 bytes",0
"default","eqs1-maven-remote1-cache","Maven","0 bytes",0
"default","eqs2-maven-remote-cache","Maven","0 bytes",0
"default","eqs3-maven-remote-cache","Maven","0 bytes",0
"default","eqs4-maven-remote-cache","Maven","0 bytes",0
"default","essedum-maven","Maven","0 bytes",0
"default","essedum-npm","npm","0 bytes",0
"default","eta-mobil-build-info","BuildInfo","0 bytes",0
"default","eta-npm","npm","0 bytes",0
"default","evcompass_npm","npm","0 bytes",0
"default","ExperienceConfigurator_group","npm","0 bytes",0
"default","Fabric-cache","Maven","0 bytes",0
"default","FIDBL2BF_npm","npm","0 bytes",0
"default","flowise-nom-local","npm","0 bytes",0
"default","flowise-npm-virtual","npm","0 bytes",0
"default","FNSP-gitlfs-local","GitLfs","0 bytes",0
"default","FSADM1_npm","npm","0 bytes",0
"default","fsdgtl-docker-local","Docker","0 bytes",0
"default","fsdgtl-eosdm","npm","0 bytes",0
"default","GCP-pypi-cache","Pypi","0 bytes",0
"default","Generic_354694-cache","Generic","0 bytes",0
"default","generic-virtual","Generic","0 bytes",0
"default","ghci-oci-helm-virtual","HelmOCI","0 bytes",0
"default","giri_k_npm","npm","0 bytes",0
"default","github_yara_remote-cache","Pypi","0 bytes",0
"default","github-cache","npm","0 bytes",0
"default","githubcli-rpm-cache","RPM","0 bytes",0
"default","go-github-hashicop-remote-cache","Go","0 bytes",0
"default","Google-binaries-cache","Generic","0 bytes",0
"default","google-generic-cache","Generic","0 bytes",0
"default","gradle_remote_Arun_private1-cache","Gradle","0 bytes",0
"default","gradle_remote_Arun_private2-cache","Gradle","0 bytes",0
"default","gradle_remote_Arun_virtual","Gradle","0 bytes",0
"default","gradle-monika-gradle-dev","Gradle","0 bytes",0
"default","gradle-monika-gradle-dev-local","Gradle","0 bytes",0
"default","gradle-monika-gradle-release","Gradle","0 bytes",0
"default","gradle-monika-gradle-release-local","Gradle","0 bytes",0
"default","gradle-spring-cache","Gradle","0 bytes",0
"default","gradle-virtual-test","Maven","0 bytes",0
"default","gradlecoberturasaliman-cache","Maven","0 bytes",0
"default","grailspluginmongodb-cache","Gradle","0 bytes",0
"default","helm-remote-cache","Helm","0 bytes",0
"default","helm-v3io-cache","Helm","0 bytes",0
"default","hiladg-build-info","BuildInfo","0 bytes",0
"default","hiladgsol-build-info","BuildInfo","0 bytes",0
"default","HILKMPZ1","npm","0 bytes",0
"default","IAP_npm","npm","0 bytes",0
"default","icets-de-chatbot-group","npm","0 bytes",0
"default","icetsplat-ITW-API","NuGet","0 bytes",0
"default","icip-lib-iai","Maven","0 bytes",0
"default","IDCM-npm-group","npm","0 bytes",0
"default","IDFCBank_npm","npm","0 bytes",0
"default","idm","Maven","0 bytes",0
"default","idm-artifacts","Generic","0 bytes",0
"default","idm-maven","Maven","0 bytes",0
"default","idss_npm","npm","0 bytes",0
"default","iedps-npm-dev","npm","0 bytes",0
"default","IIA_group","npm","0 bytes",0
"default","iig-ui-npm-repo","npm","0 bytes",0
"default","iigpat-build-info","BuildInfo","0 bytes",0
"default","iip_analytics","npm","0 bytes",0
"default","ilen-citus-cache","RPM","0 bytes",0
"default","IMP_Binaries","Generic","0 bytes",0
"default","inca-npm-virtual","npm","0 bytes",0
"default","infosys-ciscld-gcp-py","Pypi","0 bytes",0
"default","infosys-internal-qautoitadocker-remote-cache","Docker","0 bytes",0
"default","InfosysIT.InfymeWeb.Angularwidgets-group","npm","0 bytes",0
"default","InfosysXRPlatformMobilityAndroid","npm","0 bytes",0
"default","InfosysXRPlatformMobilityiOS","npm","0 bytes",0
"default","Infy_HDMPS","Maven","0 bytes",0
"default","infy-npm-test","npm","0 bytes",0
"default","IRGM-QA","Maven","0 bytes",0
"default","IS_KubernetesSupportCloudGoogle-cache","Generic","0 bytes",0
"default","is-maven","Maven","0 bytes",0
"default","is-springboot-starters","Maven","0 bytes",0
"default","ISBI-virtual-npm","npm","0 bytes",0
"default","iuidkafkaconsumer","Maven","0 bytes",0
"default","J-center-repo-cache","Generic","0 bytes",0
"default","Jabil_NPM","npm","0 bytes",0
"default","jaspersoft-cache","Maven","0 bytes",0
"default","jaspersoft-repo-cache","Gradle","0 bytes",0
"default","Jenkins-remote-cache","Generic","0 bytes",0
"default","Jenkins-repo","RPM","0 bytes",0
"default","jfrog-artifactory-installation-cache","RPM","0 bytes",0
"default","jfrog-mc-installation-cache","Generic","0 bytes",0
"default","jfrog-pipelines-debian-cache","Debian","0 bytes",0
"default","jfrog-pipelines-docker-cache","Generic","0 bytes",0
"default","jfrog-pipelines-jq-cache","Generic","0 bytes",0
"default","jfrog-pipelines-nodejs-cache","Generic","0 bytes",0
"default","jfrog-pipelines-rpm-cache","RPM","0 bytes",0
"default","jfrog-plugin-installation-cache","Generic","0 bytes",0
"default","jfrog-repo","Generic","0 bytes",0
"default","jfrog-xray-installation-cache","Generic","0 bytes",0
"default","JHipsterMavenNode-cache","Maven","0 bytes",0
"default","Kriti_nexus_npm","npm","0 bytes",0
"default","kube-guild-ray-project-cache","HelmOCI","0 bytes",0
"default","kubernetes-ngnix-cache","Helm","0 bytes",0
"default","Kubernetes-rpm-k8s-remote-cache","RPM","0 bytes",0
"default","Lam-maven-federated","Maven","0 bytes",0
"default","LearnFast","npm","0 bytes",0
"default","Lion-bridge-cache","Maven","0 bytes",0
"default","mahesh.kunta_npm","npm","0 bytes",0
"default","maven_gradle_remote-cache","Maven","0 bytes",0
"default","Maven_remote-cache","Maven","0 bytes",0
"default","maven-js-cache","Maven","0 bytes",0
"default","maven-test","Maven","0 bytes",0
"default","mavensona-remote-cache","Maven","0 bytes",0
"default","mb_maint","npm","0 bytes",0
"default","McCamish_npm","npm","0 bytes",0
"default","mfg-npm-vertual","npm","0 bytes",0
"default","mfgiotnexus_group-npm","npm","0 bytes",0
"default","microsoft-keys-remote-cache","Generic","0 bytes",0
"default","mvn-db-cache","Gradle","0 bytes",0
"default","mvnrepository-cache","Maven","0 bytes",0
"default","MyPureCloud-cache","Generic","0 bytes",0
"default","nareshbabu.veesam_npm","npm","0 bytes",0
"default","nia_commons-group","npm","0 bytes",0
"default","NIA_npm","npm","0 bytes",0
"default","niranjan-repo-fed","Maven","0 bytes",0
"default","nix-remote-cache","Nix","0 bytes",0
"default","nix-virtual","Nix","0 bytes",0
"default","noc-docker-virtual","Docker","0 bytes",0
"default","nodemaven-cache","Maven","0 bytes",0
"default","npm-custom-cache","npm","0 bytes",0
"default","npm-github-cache","npm","0 bytes",0
"default","npm-grpc-remote-cache","npm","0 bytes",0
"default","npm-puma-ecommerce-cache","npm","0 bytes",0
"default","npm-test","npm","0 bytes",0
"default","npm-testing","npm","0 bytes",0
"default","Npm-virtual-generic","Generic","0 bytes",0
"default","npm1-cache","npm","0 bytes",0
"default","npmandyarn","npm","0 bytes",0
"default","npmmanadev","npm","0 bytes",0
"default","Nuget-virtual-IS","NuGet","0 bytes",0
"default","nuget1-nuget","NuGet","0 bytes",0
"default","nuget1-nuget-local","NuGet","0 bytes",0
"default","onapsis-generic-remote-cache","Generic","0 bytes",0
"default","otsc-npm-group","npm","0 bytes",0
"default","packagist-remote","Composer","0 bytes",0
"default","Pavithra_npm","npm","0 bytes",0
"default","pendo-mvn-cache","Maven","0 bytes",0
"default","pep-coco-virtual","CocoaPods","0 bytes",0
"default","Pepsi_NPM","npm","0 bytes",0
"default","Pepsico_Anpu_NPM","npm","0 bytes",0
"default","Pepsico_joseph_npm","npm","0 bytes",0
"default","Pepsico_Lakshmy_NPM","npm","0 bytes",0
"default","PEPSICO_shruti_NPM","npm","0 bytes",0
"default","php_composer_local","Composer","0 bytes",0
"default","php_composer_virtual","Composer","0 bytes",0
"default","php_xdebug_mac-cache","Composer","0 bytes",0
"default","pilotPoC-binaries-repo","Maven","0 bytes",0
"default","pipelines-templates-remote-cache","Generic","0 bytes",0
"default","plawright-browser-remote-cache","Generic","0 bytes",0
"default","playwright-browsers-local","Generic","0 bytes",0
"default","plugins-release_remote-cache","Maven","0 bytes",0
"default","POC-local","npm","0 bytes",0
"default","polycloud-npm","npm","0 bytes",0
"default","PPLM","npm","0 bytes",0
"default","Praveen_Raut","npm","0 bytes",0
"default","Praveen_Raut_npm","npm","0 bytes",0
"default","praveen.swarnakar","npm","0 bytes",0
"default","public-gallery-ecr-aws-docker-remote-cache","Docker","0 bytes",0
"default","pypi_asha","Pypi","0 bytes",0
"default","pypi-ams","Pypi","0 bytes",0
"default","pypiproxy-cache","Pypi","0 bytes",0
"default","QAUTO_PUBLIC","npm","0 bytes",0
"default","qauto-cargo-local","Cargo","0 bytes",0
"default","r-docker-virtual","Docker","0 bytes",0
"default","ra-npm-local","npm","0 bytes",0
"default","rai-jp-huggingface","HuggingFaceML","0 bytes",0
"default","RCLADM_Sarbeswar_NPM","npm","0 bytes",0
"default","rclcnser_NPM","npm","0 bytes",0
"default","Recording-AI-Connect-Proxy","Maven","0 bytes",0
"default","Recording-Bridge","Maven","0 bytes",0
"default","Recording-Core-Utility","Maven","0 bytes",0
"default","Redhat-Techpreview-Repo-cache","Maven","0 bytes",0
"default","reuse-tool-npm-vr","npm","0 bytes",0
"default","revealbi_k8api","NuGet","0 bytes",0
"default","Rheem","Generic","0 bytes",0
"default","rk-docker-virtual","Docker","0 bytes",0
"default","rk-npm-virtual","npm","0 bytes",0
"default","Rover-apollo-cache","npm","0 bytes",0
"default","rpm-elastic_co-remote-cache","RPM","0 bytes",0
"default","rpm-influx-cache","RPM","0 bytes",0
"default","RPM-Remote-dlrockylinux-cache","RPM","0 bytes",0
"default","RPM-Remote-repo.almalinux-cache","RPM","0 bytes",0
"default","RPM-Remote-yum.oracle-cache","RPM","0 bytes",0
"default","RPM-Virtual-InfosysDataWorkbench","RPM","0 bytes",0
"default","Sachin_K_Npm","npm","0 bytes",0
"default","Sai_npm","npm","0 bytes",0
"default","sandeep_vertual_maven","Maven","0 bytes",0
"default","sandeep-gradle-dev","Gradle","0 bytes",0
"default","sandeep-gradle-release","Gradle","0 bytes",0
"default","sandeep-maven-virtual","Maven","0 bytes",0
"default","sandeep-mvn-local","Maven","0 bytes",0
"default","santosh_npm","npm","0 bytes",0
"default","scala-jfrog-cache","Maven","0 bytes",0
"default","SCB","Maven","0 bytes",0
"default","SCB_npm","npm","0 bytes",0
"default","SCE_JMeter_Plugins-cache","Maven","0 bytes",0
"default","sdam-eks-repo-virtual","Docker","0 bytes",0
"default","sharp-generic-remote-cache","Generic","0 bytes",0
"default","Shibboleth-maven-cache","Maven","0 bytes",0
"default","shivangi-helm","HelmOCI","0 bytes",0
"default","SHOPFLOOR","npm","0 bytes",0
"default","Spark_training_nmp","npm","0 bytes",0
"default","spring_libs_milestone-cache","Maven","0 bytes",0
"default","Spring-LibsReleases-cache","Maven","0 bytes",0
"default","Spring-MileStone-cache","Maven","0 bytes",0
"default","Spring-Release-cache","Maven","0 bytes",0
"default","star_npm","npm","0 bytes",0
"default","stg-ai-product-npm","npm","0 bytes",0
"default","stgnpm_group","npm","0 bytes",0
"default","string-build-info","BuildInfo","0 bytes",0
"default","Sunbird-Sdk-Group","npm","0 bytes",0
"default","Suresh_npm","npm","0 bytes",0
"default","swift-GitHub-remote-cache","Swift","0 bytes",0
"default","tanzu-springrepo-cache","Maven","0 bytes",0
"default","telemetry_sdk_is_group","npm","0 bytes",0
"default","test-fed-mvn-pipeline","Maven","0 bytes",0
"default","test-fed-pipeline","Generic","0 bytes",0
"default","test-new-local-pipe","Generic","0 bytes",0
"default","test-praveen","Maven","0 bytes",0
"default","testgarepo1","npm","0 bytes",0
"default","testgarepo3-cache","Maven","0 bytes",0
"default","Testt","GitLfs","0 bytes",0
"default","thingsboard-maven-cache","Maven","0 bytes",0
"default","tmo-docker-virtual","Docker","0 bytes",0
"default","TMO-Maven-local","Maven","0 bytes",0
"default","TMO-Maven-remote-cache","Maven","0 bytes",0
"default","TMO-Maven-virtual","Maven","0 bytes",0
"default","TMO-npm-virtual","npm","0 bytes",0
"default","Topaz-DS-Drone-Huggingface-Local","HuggingFaceML","0 bytes",0
"default","torchvision-remote-cache","Pypi","0 bytes",0
"default","ui-library-npm-virtual","npm","0 bytes",0
"default","us_opscentral-lfs-local-gitlfs","GitLfs","0 bytes",0
"default","Vale_npm","npm","0 bytes",0
"default","venkatesh_npm","npm","0 bytes",0
"default","VERIZON_TDM_npm","npm","0 bytes",0
"default","Verizon_VISDM","npm","0 bytes",0
"default","vm-automation","Maven","0 bytes",0
"default","vn-go-fed","Go","0 bytes",0
"default","vn-test-infy","Maven","0 bytes",0
"default","vnpy-federated","Pypi","0 bytes",0
"default","vnpy-remote-cache","Pypi","0 bytes",0
"default","vnpy-virtual","Pypi","0 bytes",0
"default","vscode-rpm-remote-cache","RPM","0 bytes",0
"default","XPOLogistic_npm","npm","0 bytes",0
"default","yarn-rpm-cache","RPM","0 bytes",0
"default","yum-fedoraproject-cache","RPM","0 bytes",0
"default","yum-vault-cache","RPM","0 bytes",0
"default","yum-webtatic-cache","RPM","0 bytes",0
"deh-finacl","deh-finacl-build-info","BuildInfo","0 bytes",0
"dna","stryker-maven","Maven","8.12 GB",8721911486
"dna","dna-build-info","BuildInfo","0 bytes",0
"dna-internal","dna-internal-build-info","BuildInfo","0 bytes",0
"dnaauto","dnaauto-build-info","BuildInfo","0 bytes",0
"dnaowbmvn","DNA_OWB-mvn","Maven","11.01 MB",11545237
"dnaowbmvn","dnaowbmvn-build-info","BuildInfo","0 bytes",0
"docker-hardened","docker-hardened-build-info","BuildInfo","0 bytes",0
"docwb","docwb-xom","Maven","3.52 GB",3779341676
"docwb","docwb","Maven","30.37 MB",31843024
"docwb","docwblibs","Pypi","1.51 MB",1586002
"docwb","docwb-build-info","BuildInfo","0 bytes",0
"doedocker","doe-docker-repo","Docker","282.07 GB",302871848543
"doedocker","doedocker-build-info","BuildInfo","0 bytes",0
"doemvn","doemvn-build-info","BuildInfo","0 bytes",0
"dtcccsp1","dtcccsp1-opentext","Docker","3.20 GB",3435359782
"dtcccsp1","dtcccsp1-build-info","BuildInfo","0 bytes",0
"eaisscm","epoch-dsc-platform","Docker","2.14 GB",2293441113
"eaisscm","eaisscm-build-info","BuildInfo","0 bytes",0
"ecsadm-telstra","ecsadm-telstra-build-info","BuildInfo","0 bytes",0
"eii","eii-public-ecr-aws-cache","Docker","9.64 GB",10353257947
"eii","eii-remote-npmjs-il-cache","npm","7.45 GB",7994168746
"eii","eii-registry-1-docker-io-cache","Docker","5.09 GB",5461936843
"eii","eii-maven-central-remote-il-cache","Maven","3.21 GB",3450757453
"eii","eii-ruby-remote-il-cache","Gems","2.51 GB",2694561694
"eii","eii-node-remote-il-cache","npm","2.18 GB",2342525080
"eii","eii-npm-fontawesome-remote-cache","npm","1.70 GB",1821767257
"eii","eii-yarn-remote-il-cache","npm","1.46 GB",1569861183
"eii","eii-gradle-plugin-remote-il-cache","Maven","1.46 GB",1566887258
"eii","eii-twig-remote-cache","npm","1.02 GB",1090012312
"eii","eii-node-yarn-remote-il-cache","npm","936.47 MB",981957339
"eii","eii-gradle-distributions-remote-cache","Generic","515.76 MB",540813978
"eii","eii-IL-grails-remote-cache","Gradle","284.97 MB",298814740
"eii","eii-ruby-virtual-il","Gems","265.48 MB",278375819
"eii","eii-node-virtual-il","npm","210.66 MB",220891108
"eii","eii-il-nvm-repository-cache","npm","163.80 MB",171758480
"eii","eii-IL-gradle-plugins-remote-cache","Gradle","39.24 MB",41142523
"eii","eii-npm-github-edgenuity-remote-cache","npm","31.44 MB",32971225
"eii","eii-doolittle-remote-il-cache","Maven","30.64 MB",32123750
"eii","eii-IL-jasper-remote-cache","Gradle","3.46 MB",3626623
"eii","eii-github-cwng-token-utils-remote-cache","Maven","1.73 MB",1812018
"eii","eii-vn-gradle-virtual","Maven","1.15 MB",1204971
"eii","eii-BODXINDR-cache","Generic","0 bytes",0
"eii","eii-build-info","BuildInfo","0 bytes",0
"eii","eii-doolittle-remote-cache","Maven","0 bytes",0
"eii","eii-edgex-mvn-virtual","Maven","0 bytes",0
"eii","eii-ghcr-remote-il-cache","Generic","0 bytes",0
"eii","eii-ghcr-virtual-il","Generic","0 bytes",0
"eii","eii-gradle-distributions-virtual","Generic","0 bytes",0
"eii","eii-IL-Local-OW","Gradle","0 bytes",0
"eii","eii-IL-mavenrepo-remote-cache","Maven","0 bytes",0
"eii","eii-imagine-docker","Docker","0 bytes",0
"eii","eii-npmjs-com-il-cache","npm","0 bytes",0
"eii","eii-npmmirror-il-cache","npm","0 bytes",0
"eii","eii-nvm-virtual-il","npm","0 bytes",0
"eii","eii-ruby-pkg-remote-client-il-cache","Gems","0 bytes",0
"ekw","vcs-remote-cache","VCS","4.35 GB",4672337409
"ekw","ekw-eta-KM-Wingspan-gradle-remote-google-dl-cache","Gradle","2.15 GB",2311978603
"ekw","ekw-ETA-KM-Wingspan-gradle-remote-maven-cache","Gradle","1.27 GB",1367887358
"ekw","ETA-KM-Wingspan-npm-virtual","npm","828.17 MB",868395129
"ekw","ekw-jdk-virtual-cache","Generic","816.21 MB",855855571
"ekw","ekw-language-tool-remote-cache","Generic","240.33 MB",252003217
"ekw","ekw-ETA-KM-Wingspan-gradle-remote-cache","Generic","215.21 MB",225664630
"ekw","ekw-nvm-node-remote-cache","Generic","101.84 MB",106791238
"ekw","ekw-mitmproxy-remote-cache","Generic","50.52 MB",52969397
"ekw","ekw-spring-snapshots-remove-cache","Maven","17.58 MB",18434799
"ekw","ETA-KM-Wingspan-npm-local","npm","11.12 MB",11665269
"ekw","ekw-ETA-KM-Wingspan-node-remote-cache","Generic","8.35 MB",8750909
"ekw","ETA-KM-Wingspan-maven-virtual","Maven","1.87 MB",1956576
"ekw","ETA-KM-Wingspan-electron-generic-remote-cache","Generic","651.33 KB",666957
"ekw","ekw-build-info","BuildInfo","0 bytes",0
"ekw","ekw-ETA-KM-Wingspan-gradle-local","Gradle","0 bytes",0
"ekw","ekw-ETA-KM-Wingspan-gradle-remote-jitpack-libs-cache","Gradle","0 bytes",0
"ekw","ekw-ETA-KM-Wingspan-gradle-remote-libs-cache","Gradle","0 bytes",0
"ekw","ekw-ETA-KM-Wingspan-gradle-remote-plugin-cache","Gradle","0 bytes",0
"ekw","ekw-ETA-KM-Wingspan-gradle-virtual","Gradle","0 bytes",0
"ekw","ekw-python-package-remote-cache","Generic","0 bytes",0
"ekw","ETA-KM-Wingspan-CocoaPoda-virtual","CocoaPods","0 bytes",0
"ekw","ETA-KM-Wingspan-CocoPods-local","CocoaPods","0 bytes",0
"ekw","ETA-KM-Wingspan-maven-local","Maven","0 bytes",0
"ekw","ETA-KM-Wingspan-maven-remote-cache","Maven","0 bytes",0
"ekw","ETA-KM-Wingspan-pub-local","Pub","0 bytes",0
"ekw","ETA-KM-Wingspan-pub-virtual","Pub","0 bytes",0
"ekw","ETA-KM-Wingspan-python-local","Pypi","0 bytes",0
"ekw","ETA-KM-Wingspan-python-virtual","Pypi","0 bytes",0
"engineering-tools","engineering-tools-build-info","BuildInfo","0 bytes",0
"engineering-tools","engineering-tools-git","GitLfs","0 bytes",0
"enn","enn-build-info","BuildInfo","0 bytes",0
"enn","enn-mvn-remote-cache","Maven","0 bytes",0
"eq","eq-npm-lib-release-local","npm","3.50 GB",3756482481
"eq","equinox-libs-release-local","Maven","1.71 GB",1839397243
"eq","eq-npm-lib-release","npm","54.15 MB",56785277
"eq","eq-remote-cache","Pypi","1.13 MB",1188023
"eq","eq-automation","Pypi","229.31 KB",234816
"eq","eq-build-info","BuildInfo","0 bytes",0
"eq","eq-eq123","npm","0 bytes",0
"eq","eq-eq234","npm","0 bytes",0
"eq","eq-virtual","Pypi","0 bytes",0
"eqtrpune","eqtrpune-build-info","BuildInfo","0 bytes",0
"equinox","ex-config-kit","npm","7.41 GB",7958485342
"equinox","equinox-build-info","BuildInfo","0 bytes",0
"equinoxrpm","equinoxrpm-build-info","BuildInfo","0 bytes",0
"eta","eta-build-info","BuildInfo","0 bytes",0
"eta","vn-virtual-npm-repo","npm","0 bytes",0
"eta-apple","gradle-release-local","Gradle","319.83 MB",335367767
"eta-apple","gradle-dev-local","Gradle","8.03 KB",8219
"eta-apple","eta-apple-build-info","BuildInfo","0 bytes",0
"eta-java","eta_java","Maven","0 bytes",0
"eta-java","eta-java-build-info","BuildInfo","0 bytes",0
"eta-java-artifacts","eta-java-artifacts","Generic","1.70 GB",1829734836
"eta-java-artifacts","gradle-dev","Gradle","301 bytes",301
"eta-java-artifacts","eta-java-artifacts-build-info","BuildInfo","0 bytes",0
"eta-java-artifacts","eta-java-artifacts-gradle","Gradle","0 bytes",0
"eta-ui","create-ethers-app","npm","0 bytes",0
"eta-ui","eta-ui-build-info","BuildInfo","0 bytes",0
"eta-ui-fp","eta-ui-fp-build-info","BuildInfo","0 bytes",0
"eta-uim","eta-uim-build-info","BuildInfo","0 bytes",0
"evdevit","evdevit-build-info","BuildInfo","0 bytes",0
"evjfrog","evjfrog-docker-cache","Docker","60.54 GB",65007772440
"evjfrog","evjfrog-npm-cache","npm","5.92 GB",6355514297
"evjfrog","evjfrog-githubgeneric-cache","Generic","3.60 GB",3861564079
"evjfrog","evjfrog-jrelease-cache","Docker","2.46 GB",2640976041
"evjfrog","evjfrog-pypi-cache","Pypi","2.27 GB",2437692372
"evjfrog","evjfrog-quay-cache","Docker","2.26 GB",2431391707
"evjfrog","evjfrog-mvn-cache","Maven","1.20 GB",1283321695
"evjfrog","evjfrog-new-docker-cache","Docker","513.72 MB",538674947
"evjfrog","evjfrog-google-chrome-rhel9-cache","RPM","378.20 MB",396572961
"evjfrog","evjfrog-github-cache","VCS","375.78 MB",394037111
"evjfrog","evjfrog-ghcr-cache","Docker","334.45 MB",350691554
"evjfrog","evjfrog-jquay-cache","Docker","256.81 MB",269285156
"evjfrog","evjfrog-registryk8s-cache","Docker","156.58 MB",164191030
"evjfrog","evjfrog-jenkins-rhel9-cache","RPM","95.38 MB",100011068
"evjfrog","evjfrog-mongodb-org-7.0-cache","RPM","95.31 MB",99937478
"evjfrog","evjfrog-epel-repo-cache","RPM","66.98 MB",70238815
"evjfrog","evjfrog-kube-V1.35-cache","RPM","52.78 MB",55341602
"evjfrog","evjfrog-kubernetes-repo-cache","RPM","44.26 MB",46414359
"evjfrog","evjfrog-kubelet-repo-cache","RPM","37.64 MB",39472566
"evjfrog","evjfrog-kube_v1.31-cache","RPM","37.17 MB",38974087
"evjfrog","evjfrog-pg17-rhel9-cache","RPM","34.66 MB",36338667
"evjfrog","evjfrog-pg18-rhel9-cache","RPM","33.65 MB",35281003
"evjfrog","evjfrog-jfrog-cache","Docker","30.70 MB",32186269
"evjfrog","evjfrog-pg14-rhel8-cache","RPM","27.24 MB",28561688
"evjfrog","evjfrog-psql16-rhel8-cache","RPM","21.61 MB",22660533
"evjfrog","evjfrog-psql-16-rhel9-cache","RPM","19.15 MB",20082489
"evjfrog","evjfrog-postgtresql-17-rhel8-cache","RPM","13.13 MB",13772102
"evjfrog","evjfrog-pg18-rhel8-cache","RPM","11.13 MB",11667652
"evjfrog","evjfrog-postgresql18-rhel9-cache","RPM","10.57 MB",11078408
"evjfrog","evjfrog-pgsql-17-rhel8-cache","RPM","10.29 MB",10785808
"evjfrog","evjfrog-postgresql_rhel8_14v-cache","RPM","4.65 MB",4879172
"evjfrog","evjfrog-postgresql_rhel8_15v-cache","RPM","2.56 MB",2684060
"evjfrog","evjfrog-pg15-rhel9-cache","RPM","293.07 KB",300100
"evjfrog","evjfrog-nginx-1.30-cache","RPM","127.72 KB",130786
"evjfrog","evjfrog-nuget-cache","NuGet","9.05 KB",9272
"evjfrog","evjfrog-jenkins-repo-rhel8-cache","RPM","5.11 KB",5230
"evjfrog","evjfrog-build-info","BuildInfo","0 bytes",0
"evjfrog","evjfrog-cri-o-rhel9-v.135-cache","RPM","0 bytes",0
"evjfrog","evjfrog-cri-ov1.35-cache","RPM","0 bytes",0
"evjfrog","evjfrog-crio-V1.35-cache","RPM","0 bytes",0
"evjfrog","evjfrog-elasticsearch-rhel8-cache","RPM","0 bytes",0
"evjfrog","evjfrog-epel-repo-rhel9-cache","RPM","0 bytes",0
"evjfrog","evjfrog-google-chrome-remote-repo-cache","RPM","0 bytes",0
"evjfrog","evjfrog-maven-repo-cache","RPM","0 bytes",0
"evjfrog","evjfrog-mongoDB-rhel8-cache","RPM","0 bytes",0
"evjfrog","evjfrog-pgsql18-rhel10-cache","RPM","0 bytes",0
"evjfrog","evjfrog-psql18-rhel10-cache","RPM","0 bytes",0
"evjfrog","evjfrog-releasejfrog-cache","Docker","0 bytes",0
"evjfrog","evjfrog-rhel8-kubev1.35-cache","RPM","0 bytes",0
"extgiwork","extgiwork-build-info","BuildInfo","0 bytes",0
"extgiwork","extgiwork-extgig-maven","Maven","0 bytes",0
"faa","PIAM-RUST-CRATES-cache","Cargo","356.51 MB",373827725
"faa","PIAM-RUST-CRATES-remote-cache","Cargo","137.71 MB",144400560
"faa","faa-build-info","BuildInfo","0 bytes",0
"fbp","fbp-release-maven","Maven","377.73 GB",405589505059
"fbp","fbp-snapshot-maven","Maven","225.37 GB",241985991749
"fbp","fbp-artifact","Generic","48.36 MB",50713076
"fbp","fbp-group-maven","Maven","17.39 MB",18229693
"fbp","fbp-generic","Generic","1,013.39 KB",1037709
"fbp","fbp-snapshot-node","npm","490.30 KB",502066
"fbp","fbp-build-info","BuildInfo","0 bytes",0
"fbp","fbp-fbp-artifacts","Generic","0 bytes",0
"fbp","fbp-group-node","npm","0 bytes",0
"fbp","fbp-installer","Helm","0 bytes",0
"fbp","fbp-release-node","npm","0 bytes",0
"fbp","fbp-tpatch-maven","Maven","0 bytes",0
"fev","fev-build-info","BuildInfo","0 bytes",0
"fin","fin-build-info","BuildInfo","0 bytes",0
"finacle","assets-generic-repo","Generic","142.55 KB",145968
"finacle","assets-gradle-repo","Gradle","0 bytes",0
"finacle","assets-maven-repo","Maven","0 bytes",0
"finacle","finacle-build-info","BuildInfo","0 bytes",0
"fnsp","santander-docker","Docker","334.75 GB",359432776309
"fnsp","fnsp-build-info","BuildInfo","0 bytes",0
"fnsp","santander-artifact","Generic","0 bytes",0
"fnsp-anzib","fnsp-anzib-build-info","BuildInfo","0 bytes",0
"fsadm2","fsadm2-build-info","BuildInfo","0 bytes",0
"fsadm2ccdp","fsadm2ccdp-build-info","BuildInfo","0 bytes",0
"fsdgtl","npm-virtual","npm","5.25 GB",5637341970
"fsdgtl","fsdgtl-build-info","BuildInfo","0 bytes",0
"fsdgtl","npm-all","npm","0 bytes",0
"fsdgtlui","r3pimages","Docker","2.81 GB",3018339121
"fsdgtlui","fsdgtlui-build-info","BuildInfo","0 bytes",0
"fsstar-itap","itap-docker","Docker","13.33 GB",14313959874
"fsstar-itap","fsstar-itap-build-info","BuildInfo","0 bytes",0
"genieservice","genieservice-build-info","BuildInfo","0 bytes",0
"gseb-haus-heim","gseb-haus-heim-npm-remote-cache","npm","403.29 MB",422878266
"gseb-haus-heim","gseb-haus-heim-npm-local","npm","1.22 MB",1274605
"gseb-haus-heim","gseb-warranty-hub-npm-local","npm","795.96 KB",815062
"gseb-haus-heim","gseb-haus-heim-build-info","BuildInfo","0 bytes",0
"gseb-haus-heim","gseb-haus-heim-npm-virtual","npm","0 bytes",0
"gseb-haus-heim","gseb-warranty-hub-npm-virtual","npm","0 bytes",0
"gstnnew","gstnnew-build-info","BuildInfo","0 bytes",0
"helix","helix-build-info","BuildInfo","0 bytes",0
"helix","helix-virtual","npm","0 bytes",0
"hiladg","HILADG_Python","Pypi","12.33 KB",12626
"hiladg","hiladg-docker","Docker","16 bytes",16
"hiladg","HILADG-NPM","npm","0 bytes",0
"hiladgsol","sciwriplatform-docker","Docker","8.40 GB",9022886483
"hiladgsol","hiladgsolrfc","Docker","6.30 GB",6763539235
"hilddisol","hilddisol-build-info","BuildInfo","0 bytes",0
"hytt","hytt-build-info","BuildInfo","0 bytes",0
"iaina","ainadel-mms-docker","Docker","4.19 TB",4605650176030
"iaina","ainadel-mms-project-customized","Docker","526.54 GB",565370911134
"iaina","ainadel-mms-project-kubeflow","Docker","163.20 GB",175236991126
"iaina","ainadel-mms-project","Docker","13.22 GB",14192541207
"iaina","ainadel-mms-pipeline","Docker","3.89 GB",4172621257
"iaina","iaina-build-info","BuildInfo","0 bytes",0
"iam","infosys-ainadel-mms-local","Docker","5.86 GB",6289390865
"iam","ainadel-mms-baseimage","Docker","16 bytes",16
"iam","iam-build-info","BuildInfo","0 bytes",0
"iap","iap-opsconsole-backend","Docker","903.89 MB",947802339
"iap","iap-opsconsole-frontend","Docker","841.75 MB",882643585
"iap","iap-build-info","BuildInfo","0 bytes",0
"ibap","ibap-ibap-docker","Docker","16 bytes",16
"ibap","ibap-build-info","BuildInfo","0 bytes",0
"icets","icets-docker-local","Docker","4.27 GB",4584403118
"icets","icets-docker","Docker","16 bytes",16
"icets","icets-build-info","BuildInfo","0 bytes",0
"icets-comm","icets-comm-docker-local","Docker","16 bytes",16
"icets-comm","icets-comm-build-info","BuildInfo","0 bytes",0
"icets-icta","icets-icta-build-info","BuildInfo","0 bytes",0
"icetsplat","icetsplat-ITW-UI","npm","177.04 MB",185634845
"icetsplat","icetsplat-build-info","BuildInfo","0 bytes",0
"icnt","icnt-fed","Docker","16 bytes",16
"icnt","icnt-build-info","BuildInfo","0 bytes",0
"ictdsfh5","idm-docker","Docker","13.74 GB",14751274974
"ictdsfh5","ictdsfh5-build-info","BuildInfo","0 bytes",0
"ictlptmc","ictlptmc-build-info","BuildInfo","0 bytes",0
"idp","idp-build-info","BuildInfo","0 bytes",0
"idss","idss-build-info","BuildInfo","0 bytes",0
"idw","idw-docker","Docker","34.22 GB",36745023099
"idw","idw-build-info","BuildInfo","0 bytes",0
"iefui","iefui-build-info","BuildInfo","0 bytes",0
"iig","iig-build-info","BuildInfo","0 bytes",0
"iigengined","iigengined-build-info","BuildInfo","0 bytes",0
"iigenginep","iigenginep-build-info","BuildInfo","0 bytes",0
"iigmeta","iigmeta-build-info","BuildInfo","0 bytes",0
"iiguidocke","iiguidocke-build-info","BuildInfo","0 bytes",0
"iin-sandbo","infosys-iin-sandbox-docker-local","Docker","270.63 GB",290585799414
"iin-sandbo","iin-sandbo-build-info","BuildInfo","0 bytes",0
"iks-master","iks-master-build-info","BuildInfo","0 bytes",0
"ile-core-lite-next","ile-core-lite-next-build-info","BuildInfo","0 bytes",0
"ile-core-lite-next-coex","ile-core-lite-next-coex-build-info","BuildInfo","0 bytes",0
"ile-core-next","ile-core-next-build-info","BuildInfo","0 bytes",0
"ile-core-next-coex","ile-core-next-coex-build-info","BuildInfo","0 bytes",0
"ilead","ilead-build-info","BuildInfo","0 bytes",0
"ilead","Ilead-virtual","npm","0 bytes",0
"ilen","ilen-docker-helix","Docker","15.08 TB",16580910576656
"ilen","ilen-mvn-helix","Maven","897.28 GB",963444046322
"ilen","infy-live-enterprise-helix-admin","Docker","185.33 GB",198991386199
"ilen","ilen-docker-k8s-cache","Docker","133.03 GB",142837921669
"ilen","ilen-docker-cache","Docker","78.47 GB",84255230189
"ilen","ilen-docker-helix-staging","Docker","70.71 GB",75922380105
"ilen","ilen-mvn-le","Maven","44.47 GB",47747703404
"ilen","ilen-python-remote-cache","Pypi","39.36 GB",42259641416
"ilen","infy-helix-core-generic","Generic","21.91 GB",23523858447
"ilen","ilen-npm-cache","npm","10.82 GB",11615727404
"ilen","Helix","Maven","8.51 GB",9135408882
"ilen","ilen-deb-cache","Debian","3.91 GB",4195417119
"ilen","ilen-deb-virtual","Debian","2.01 GB",2159171757
"ilen","coreframework","Maven","1.78 GB",1913688154
"ilen","ilen-rpm-ubi8-cache","RPM","1.43 GB",1532341951
"ilen","ilen-docker-gcr-cache","Docker","892.75 MB",936117981
"ilen","ilen-npm-helix","npm","684.79 MB",718053488
"ilen","ilen-mvn-jcenter-cache","Maven","664.14 MB",696401944
"ilen","ilen-linux-docker-cache","RPM","508.93 MB",533653905
"ilen","ilen-rpm-hc-cache","RPM","447.61 MB",469349093
"ilen","ilen-go-cache","Go","208.21 MB",218325868
"ilen","ilen-generic-paketo-cache","Generic","116.65 MB",122314763
"ilen","ilen-go-lang-cache","Generic","63.76 MB",66862230
"ilen","ilen-deb-security-remote-cache","Debian","57.97 MB",60784474
"ilen","ilen-mvn-confluent-cache","Maven","14.11 MB",14797725
"ilen","ilen-mvn-virtual","Maven","5.59 MB",5861423
"ilen","ilen-test-cache","Pypi","3.74 MB",3925141
"ilen","ilen-python-le","Pypi","1.81 MB",1893057
"ilen","ilen-npm-le","npm","910.50 KB",932353
"ilen","ilen-pytorch-gpu-cache","Pypi","92.71 KB",94937
"ilen","ilen-helm","HelmOCI","8.69 KB",8894
"ilen","ilen-pytorch-remote-cache","Pypi","722 bytes",722
"ilen","ilen-docker-helix-pt-poc","Docker","32 bytes",32
"ilen","ilen-docker-redhat-cache","Docker","32 bytes",32
"ilen","ilen-build-info","BuildInfo","0 bytes",0
"ilen","ilen-conda-cache","Conda","0 bytes",0
"ilen","ilen-go-le","Go","0 bytes",0
"ilen","ilen-libjvm-cache","VCS","0 bytes",0
"ilen","ilen-python-virtual","Pypi","0 bytes",0
"ilo","ilo-build-info","BuildInfo","0 bytes",0
"imh","imh-build-info","BuildInfo","0 bytes",0
"imoss","imoss-build-info","BuildInfo","0 bytes",0
"imossctr","infosys-moss-containers","Docker","8.44 GB",9061146990
"imossctr","imossctr-build-info","BuildInfo","0 bytes",0
"imossdcr","Infosys_MOSS_DCR","Generic","853.57 MB",895036002
"imossdcr","imossdcr-build-info","BuildInfo","0 bytes",0
"impact","impact-build-info","BuildInfo","0 bytes",0
"impact","Intelligent-bot-management","npm","0 bytes",0
"impback","IMP_Backend","Generic","65.12 GB",69920849993
"impback","impback-build-info","BuildInfo","0 bytes",0
"imsicamp","ims-icndp","Docker","3.26 TB",3578958894734
"imsicamp","ims-icamp","Docker","804.52 GB",863848393534
"imsicamp","imsicamp-build-info","BuildInfo","0 bytes",0
"inca","inca-npm","npm","46.60 MB",48865607
"inca","inca-build-info","BuildInfo","0 bytes",0
"inca-npm","inca-npm-build-info","BuildInfo","0 bytes",0
"inf-cat","inf-cat-build-info","BuildInfo","0 bytes",0
"infcat","icortex2-generic","Generic","16.68 GB",17911901290
"infcat","infcat-build-info","BuildInfo","0 bytes",0
"infosys-ai","responsibleai-mms-kubeflow","Docker","5.55 TB",6101761020694
"infosys-ai","responsible-ai-is","Docker","2.25 KB",2304
"infosys-ai","infosys-ai-build-info","BuildInfo","0 bytes",0
"infosys-ai","responsible-ai-python","Pypi","0 bytes",0
"infosys-ai-factory","infosys-ai-factory-docker","Docker","1.69 GB",1813247585
"infosys-ai-factory","infosys-ai-factory-build-info","BuildInfo","0 bytes",0
"infosys-qauto-insights","infosys-qauto-insights-build-info","BuildInfo","0 bytes",0
"infosysclamav","infosysclamav-build-info","BuildInfo","0 bytes",0
"infy","infy-build-info","BuildInfo","0 bytes",0
"infydocwb","infydocwb-build-info","BuildInfo","0 bytes",0
"infyeqnpm","infyequino-infosys-equinox-studio-npm","npm","3.26 GB",3498977747
"infyeqnpm","infyequino-infosys-equinox-studio-npm-virtual","npm","3.38 MB",3545113
"infyeqnpm","infyeqnpm-build-info","BuildInfo","0 bytes",0
"infyequino","infosys-equinox-studio-docker-local","Docker","8.00 GB",8584793733
"infyequino","infosys-equinox-studio-docker-virtual","Docker","355 bytes",355
"infyequino","infyequino-build-info","BuildInfo","0 bytes",0
"infyequino","infyequino-genricRepo","Generic","0 bytes",0
"infygen","infygenrepo","Docker","6.23 GB",6685316749
"infygen","infygen-build-info","BuildInfo","0 bytes",0
"infymovie","eta-gradle-artifacts","Gradle","55.94 MB",58658522
"infymovie","infymovie-build-info","BuildInfo","0 bytes",0
"infyprojectyoda","infyprojectyoda-build-info","BuildInfo","0 bytes",0
"infyvaish","infyvaish-build-info","BuildInfo","0 bytes",0
"insight-re","insight-re-build-info","BuildInfo","0 bytes",0
"insis","insis-base-images","Docker","10.90 GB",11707251915
"insis","insis-build-info","BuildInfo","0 bytes",0
"internal","internal-build-info","BuildInfo","0 bytes",0
"iocsui","Infosys-Oracle_Cloud_Suite_UI-cache","npm","3.42 GB",3676151638
"iocsui","iocsui-build-info","BuildInfo","0 bytes",0
"iot-iiwp","pipelines-msg-remote","Docker","8.28 GB",8890022211
"iot-iiwp","pipelines-templates-local","Generic","4.59 KB",4701
"iot-iiwp","iot-iiwp-build-info","BuildInfo","0 bytes",0
"ipnm","ipnm-docker-local","Docker","7.14 GB",7670510959
"ipnm","ipnm-build-info","BuildInfo","0 bytes",0
"ipp","ipp-reforge-maven","Maven","2.19 GB",2347641966
"ipp","ipp-reforge-docker-local","Docker","463.68 MB",486203006
"ipp","ipp-jitpack-remote-cache","Maven","4.42 MB",4631029
"ipp","ipp-reforge-virtual","Docker","319 bytes",319
"ipp","ipp-build-info","BuildInfo","0 bytes",0
"iptp","InfosysPrivacyTestPack-maven","Maven","1.89 KB",1936
"iptp","iptp-build-info","BuildInfo","0 bytes",0
"iqe","iqe-build-info","BuildInfo","0 bytes",0
"is","is-build-info","BuildInfo","0 bytes",0
"isaiml","isaiml-build-info","BuildInfo","0 bytes",0
"isbimys1","isbimys1-build-info","BuildInfo","0 bytes",0
"isc","isc-artifacts-maven","Maven","20.74 GB",22267209260
"isc","isc-build-info","BuildInfo","0 bytes",0
"iseca","ecarepo","Docker","16 bytes",16
"iseca","iseca-build-info","BuildInfo","0 bytes",0
"isep","isep-platform","Docker","780.32 MB",818227499
"isep","isep-build-info","BuildInfo","0 bytes",0
"isg","isg-docker","Docker","552.48 MB",579319116
"isg","isg-docker-virtual","Docker","317 bytes",317
"isg","isg-build-info","BuildInfo","0 bytes",0
"isit","infydtr","Docker","49.04 TB",53920942893758
"isit","docker-isbirepository","Docker","10.28 TB",11300776121395
"isit","infyitartifactory","Maven","5.68 TB",6242496185368
"isit","IDP_JFrog","Maven","937.83 GB",1006991986154
"isit","isglomorepologin","Docker","665.32 GB",714378310635
"isit","infyitepmtools","Docker","530.60 GB",569725016685
"isit","infyit-employee-experience-android_release","Maven","72.74 GB",78106047896
"isit","infyitimages","Docker","49.50 GB",53150425420
"isit","is-bidataservice","Docker","28.40 GB",30497836940
"isit","is-docker","Docker","11.29 GB",12124060525
"isit","isidptest","Docker","4.80 GB",5149586452
"isit","InfyIT_MessageStandardisation_Release","Maven","2.03 GB",2176193483
"isit","Infyit_snapshot","Maven","1.03 GB",1107845140
"isit","InfyIT_FileValidation_release","Maven","713.81 MB",748480395
"isit","Infyit_release","Maven","650.94 MB",682560184
"isit","infyitdtr","Docker","330.00 MB",346034104
"isit","infyit-sunbird-utils_release","Maven","60.47 MB",63411843
"isit","infyitbatches","Generic","50.44 MB",52890213
"isit","infyitnugets","NuGet","33.49 MB",35118448
"isit","InfyIT-npm","npm","30.62 MB",32107897
"isit","is-compass-maven","Maven","24.42 MB",25608849
"isit","infyit-telemetry-android-sdk_release","Maven","10.12 MB",10616709
"isit","InfyIT_OpenXML-Release","Maven","324.87 KB",332670
"isit","isit-build-info","BuildInfo","0 bytes",0
"isna","isna-docker-nkp","Docker","19.57 GB",21009544201
"isna","isna-business","Docker","4.47 GB",4804216673
"isna","isna-helm-nkp","HelmOCI","2.98 MB",3119822
"isna","isna-business-helm","HelmOCI","551.76 KB",564998
"isna","isna-build-info","BuildInfo","0 bytes",0
"issp","ISSP","Generic","8.86 GB",9513163980
"issp","issp-build-info","BuildInfo","0 bytes",0
"isworkflow","camundaworkflowcomponent","Docker","16 bytes",16
"isworkflow","workflowcomponentangular","Docker","16 bytes",16
"isworkflow","wrapperworkflowcomponent","Docker","16 bytes",16
"isworkflow","isworkflow-build-info","BuildInfo","0 bytes",0
"itaf-dkr","itaf-dkr-build-info","BuildInfo","0 bytes",0
"itaf-repo","itaf_repo","Generic","62.96 GB",67598832904
"itaf-repo","itaf-repo-build-info","BuildInfo","0 bytes",0
"itafneces","itaf-necessitymf","npm","5.05 GB",5427185476
"itafneces","itafneces-build-info","BuildInfo","0 bytes",0
"itap","itap-build-info","BuildInfo","0 bytes",0
"itap-mvn","itap-mvn-build-info","BuildInfo","0 bytes",0
"itca","infosys-tca-docker-local","Docker","16 bytes",16
"itca","itca-build-info","BuildInfo","0 bytes",0
"ivm","ivm-build-info","BuildInfo","0 bytes",0
"ivs","ivs-build-info","BuildInfo","0 bytes",0
"ivsfs","autiq-generic","Generic","65.32 MB",68491120
"ivsfs","alcon-bot-generic","Generic","0 bytes",0
"ivsfs","ivsfs-build-info","BuildInfo","0 bytes",0
"ivsolcn1","ivsolcn1-build-info","BuildInfo","0 bytes",0
"ivsolin2","ivsolin2-build-info","BuildInfo","0 bytes",0
"ivsolmy2","ilead","Docker","1.64 TB",1805491496697
"ivsolmy2","ivsolmy2-build-info","BuildInfo","0 bytes",0
"ivsolstp","ivsolstp-build-info","BuildInfo","0 bytes",0
"jadmin","jadmin-docker-local","Docker","108.95 MB",114246903
"jadmin","jadmin-maven-local","Maven","228.38 KB",233859
"jadmin","jadmin-build-info","BuildInfo","0 bytes",0
"jadmin","jadmin-gradle-local","Gradle","0 bytes",0
"jadmin","jadmin-npm-local","npm","0 bytes",0
"jadmin","jadmin-pypi-local","Pypi","0 bytes",0
"jonprerepo","Mercury_snapshot","Maven","1.68 TB",1849683181748
"jonprerepo","ihp-coverage-docker","Docker","1.47 TB",1617426181357
"jonprerepo","immp-docker","Docker","859.71 GB",923110919768
"jonprerepo","iecp-aiincubation","Docker","844.68 GB",906966968762
"jonprerepo","stg-docker","Docker","829.00 GB",890132082854
"jonprerepo","ICSP_Snapshot","Maven","481.15 GB",516631840624
"jonprerepo","EVBizzApps_snapshot","Maven","398.68 GB",428081593195
"jonprerepo","rancher","Docker","389.85 GB",418597072904
"jonprerepo","CEHRepo_3rd_Party_Snapshot","Maven","356.53 GB",382822098901
"jonprerepo","ag-stores","Docker","341.49 GB",366668907001
"jonprerepo","jfrog-logs","Generic","306.23 GB",328813771045
"jonprerepo","icets-iegp","Docker","293.95 GB",315624343541
"jonprerepo","awxe-docker","Docker","266.71 GB",286373597259
"jonprerepo","dnm","Docker","198.32 GB",212943239137
"jonprerepo","iedps-servicestore","Docker","167.19 GB",179517997968
"jonprerepo","icets-ml-research_generic","Generic","84.19 GB",90401947802
"jonprerepo","nbn-nlcm-docker","Docker","76.71 GB",82369267325
"jonprerepo","TTM","Generic","71.88 GB",77185712710
"jonprerepo","Finacle_Channel_Maintenance","Generic","71.85 GB",77150084784
"jonprerepo","icets-icitp-docker","Docker","70.78 GB",75997071247
"jonprerepo","jfrogpipelines","Generic","65.26 GB",70068509772
"jonprerepo","nia_knowledge","Generic","58.09 GB",62377852495
"jonprerepo","devopscoe-docker","Docker","54.26 GB",58262120384
"jonprerepo","uet","Docker","44.54 GB",47823418794
"jonprerepo","libs-snapshot-local","Maven","41.89 GB",44980220200
"jonprerepo","kalai","Docker","40.94 GB",43962073264
"jonprerepo","assistedge_snaphot","Maven","40.46 GB",43440179034
"jonprerepo","obmb_devops","Generic","38.32 GB",41148131641
"jonprerepo","presales-technical-poc","Docker","38.26 GB",41084827569
"jonprerepo","pandit-liveent","Docker","36.33 GB",39008457913
"jonprerepo","finacle_core_gitlfs","GitLfs","36.01 GB",38662513091
"jonprerepo","ims-platform","Docker","34.85 GB",37423364332
"jonprerepo","GST_Repo_Hosted","Maven","31.68 GB",34011743883
"jonprerepo","aiindevops-liveent","Docker","29.31 GB",31469294033
"jonprerepo","gmp-infosysgenomesolution-docker","Docker","28.71 GB",30827689427
"jonprerepo","AIIncubation","Generic","27.99 GB",30058597175
"jonprerepo","nia-chatbot-eng","Generic","27.59 GB",29624964703
"jonprerepo","icets_cn_npm","npm","26.39 GB",28340658988
"jonprerepo","Nia_Advanced_ML_Snapshot","Maven","26.28 GB",28217561812
"jonprerepo","icets_3rd_Party","Maven","24.65 GB",26462981542
"jonprerepo","casuite-docker","Docker","23.69 GB",25433227752
"jonprerepo","daimler-ipnm-docker","Docker","20.01 GB",21490913143
"jonprerepo","idf-public","Docker","19.41 GB",20836546135
"jonprerepo","deh-deliverables","Generic","19.25 GB",20666223630
"jonprerepo","nbn_nlcm_generic","Generic","17.71 GB",19015592776
"jonprerepo","deh-finacle","Maven","17.59 GB",18888537546
"jonprerepo","iatt","Docker","17.39 GB",18670082299
"jonprerepo","icets-psv","Docker","16.95 GB",18204959016
"jonprerepo","deh_repo_Release","Maven","16.70 GB",17927119676
"jonprerepo","IBAP_maven","Maven","15.78 GB",16945306533
"jonprerepo","mcip","Docker","15.41 GB",16545744311
"jonprerepo","apoc_stg_maven","Maven","13.76 GB",14771537388
"jonprerepo","ISSAP","Generic","13.54 GB",14533301078
"jonprerepo","gitlfstest","GitLfs","13.36 GB",14343826006
"jonprerepo","ueteb","Docker","13.08 GB",14048930545
"jonprerepo","mfgiotnexus_hosted-yum","RPM","12.97 GB",13922018483
"jonprerepo","Mercury_release","Maven","12.91 GB",13867140567
"jonprerepo","Icets_iedps_maven","Maven","12.19 GB",13086367270
"jonprerepo","icets-commons","Docker","11.90 GB",12773828953
"jonprerepo","tvmadmtmotfb-docker","Docker","11.68 GB",12537304411
"jonprerepo","psv-player","npm","11.40 GB",12242036562
"jonprerepo","IDCM_Release","Maven","10.98 GB",11791059822
"jonprerepo","Ims-mfm","Generic","10.69 GB",11480382799
"jonprerepo","digital-brain-docker","Docker","10.22 GB",10976599087
"jonprerepo","snowflake-docker","Docker","9.62 GB",10334465239
"jonprerepo","Ims-cmp","Generic","9.60 GB",10307241123
"jonprerepo","workforce-capacity-planning","Docker","9.38 GB",10068457787
"jonprerepo","Icets_iedps_generic","Generic","9.20 GB",9877880529
"jonprerepo","nia-knowledge","Docker","9.15 GB",9825739088
"jonprerepo","ims-pcf-migrator","Docker","9.01 GB",9671693102
"jonprerepo","inddna","Docker","8.18 GB",8781363510
"jonprerepo","InfosysAnalyticsWorkbench","Generic","8.14 GB",8742768923
"jonprerepo","KvizHandler-BackEnd-API-hosted","npm","7.15 GB",7678689354
"jonprerepo","INFCAT_generic_repo","Generic","6.66 GB",7147980528
"jonprerepo","genesys-multicloud-poc","Docker","6.61 GB",7096533063
"jonprerepo","EVBizzApps_release","Maven","5.87 GB",6302302305
"jonprerepo","helixdocker","Docker","5.64 GB",6054048822
"jonprerepo","IAP_release","Maven","5.43 GB",5833623884
"jonprerepo","nia-rnd-ml-ops-models","Generic","4.98 GB",5349369536
"jonprerepo","EDAP-Consume","Generic","4.93 GB",5289378248
"jonprerepo","Nectar_release","Maven","4.81 GB",5164311947
"jonprerepo","CastWebPortal-maven","Maven","4.68 GB",5026329181
"jonprerepo","ecsadm-digital-oss-docker","Docker","4.35 GB",4668477184
"jonprerepo","IBAP_npm","npm","4.34 GB",4655346460
"jonprerepo","Airbus_Nectar","Generic","4.32 GB",4642552002
"jonprerepo","HelixProduct_generic","Generic","4.15 GB",4459049813
"jonprerepo","portworx-docker","Docker","3.89 GB",4174859613
"jonprerepo","icet-ai-docker","Docker","3.78 GB",4059556415
"jonprerepo","eais-mcip-release","Maven","3.76 GB",4040789249
"jonprerepo","ICSP_release","Maven","3.35 GB",3597568124
"jonprerepo","CEHREPO-3rd-Party","Maven","3.22 GB",3458582159
"jonprerepo","CASTPortal-Release","Maven","3.21 GB",3451428589
"jonprerepo","EVCreditEdge_Releases","Maven","3.21 GB",3441463174
"jonprerepo","deh-finacle-jdk8","Maven","3.18 GB",3417628488
"jonprerepo","ifhir-server-docker","Docker","3.17 GB",3399360296
"jonprerepo","lex_scala_maven","Maven","3.15 GB",3386681780
"jonprerepo","idp_Nexus","Maven","3.14 GB",3369854374
"jonprerepo","m2m-tool","Generic","3.09 GB",3317584958
"jonprerepo","QLTYEQS_maven","Maven","2.94 GB",3162165551
"jonprerepo","icets_cn_maven","Maven","2.87 GB",3086873842
"jonprerepo","ivs-innovations01","Docker","2.86 GB",3068345676
"jonprerepo","itrs-infymarketplace","Docker","2.84 GB",3050122677
"jonprerepo","IHP_API","Maven","2.80 GB",3001337498
"jonprerepo","TSG_Release","Maven","2.78 GB",2982895749
"jonprerepo","iCETS-iCITP-npm","npm","2.63 GB",2825416266
"jonprerepo","och-ext-finacle","Maven","2.61 GB",2807381750
"jonprerepo","infosys-digital-brain","Docker","2.58 GB",2774855403
"jonprerepo","DynamicDashboard","Generic","2.58 GB",2770201450
"jonprerepo","QAuto","Generic","2.50 GB",2685034886
"jonprerepo","talent-management","Maven","2.45 GB",2629126166
"jonprerepo","HFCT_Release","Maven","2.21 GB",2377174388
"jonprerepo","watchtestdocker","Docker","2.00 GB",2147809202
"jonprerepo","IHP_Helix","Generic","1.99 GB",2140052748
"jonprerepo","portworx","Docker","1.94 GB",2077837882
"jonprerepo","deh-finacle-latest","Maven","1.81 GB",1944292671
"jonprerepo","ITD-Repository-snapshot","Maven","1.64 GB",1757084153
"jonprerepo","ifhir-server","Maven","1.62 GB",1739932943
"jonprerepo","Helix_Coverage_TAR_generic","Generic","1.57 GB",1681828352
"jonprerepo","kvp-extractor","Docker","1.56 GB",1677727387
"jonprerepo","ecsadmcats-ms-coe-docker","Docker","1.55 GB",1662287247
"jonprerepo","IDP_QAuto","Generic","1.53 GB",1645786347
"jonprerepo","engne-infosysnetworkcontroller-docker","Docker","1.52 GB",1633598560
"jonprerepo","helix-coverage-docker","Docker","1.52 GB",1629306720
"jonprerepo","ilead-maven","Maven","1.47 GB",1575730229
"jonprerepo","pypi-local","Pypi","1.35 GB",1448031796
"jonprerepo","Nia_Advanced_ML_Release","Maven","1.33 GB",1433432841
"jonprerepo","CastWebPortal-npm","npm","1.31 GB",1404906465
"jonprerepo","isg-appsec-docker","Docker","1.27 GB",1363328464
"jonprerepo","mmsrepo","Generic","1.25 GB",1343358214
"jonprerepo","IIA_Maven_hosted","Maven","1.22 GB",1306936265
"jonprerepo","innovprojects-docker","Docker","1.19 GB",1280498763
"jonprerepo","chatbot","npm","1.14 GB",1222418847
"jonprerepo","icets-iedps","Docker","1.12 GB",1207868306
"jonprerepo","test-repo","Generic","957.52 MB",1004032123
"jonprerepo","admcoe-shakir","Docker","902.20 MB",946022892
"jonprerepo","meridian_CICD","Generic","894.10 MB",937536353
"jonprerepo","docker-codercom-local","Docker","882.57 MB",925437557
"jonprerepo","idtw-servicestore","Docker","820.19 MB",860032786
"jonprerepo","DGW","Generic","816.63 MB",856295424
"jonprerepo","installer-setup","Generic","815.33 MB",854931355
"jonprerepo","helixcore","Docker","804.32 MB",843389527
"jonprerepo","Solution_iPTAP","Generic","802.87 MB",841866218
"jonprerepo","idssrepository","Docker","682.26 MB",715400232
"jonprerepo","FileMan-BackEndAPI","Maven","625.63 MB",656020334
"jonprerepo","vagrant-local","Vagrant","623.39 MB",653673185
"jonprerepo","IVS_Innovations","Generic","607.51 MB",637020803
"jonprerepo","integnetops-docker","Docker","600.14 MB",629293906
"jonprerepo","HBTFJ_IB_BASE_generic","Generic","576.70 MB",604715784
"jonprerepo","issp_agcore","Generic","571.98 MB",599759521
"jonprerepo","IDF_Platform_Generic","Generic","554.66 MB",581605671
"jonprerepo","icets-iot-solution","Docker","547.16 MB",573737306
"jonprerepo","apoc-stg-docker","Docker","488.72 MB",512457724
"jonprerepo","IntelliJ-WIndows","RPM","444.04 MB",465610626
"jonprerepo","myenterprise-rapidplatformsimages-docker","Docker","441.16 MB",462591429
"jonprerepo","HelixProduct_JBPM","Maven","438.16 MB",459444249
"jonprerepo","myenterprise_rapidplatforms_generic","Generic","434.82 MB",455941790
"jonprerepo","NPM_Module_Publish","npm","428.88 MB",449716423
"jonprerepo","COOPIMPL","Generic","414.79 MB",434933760
"jonprerepo","IIP-3rdParty","Maven","410.69 MB",430643315
"jonprerepo","SMM","Generic","397.25 MB",416541836
"jonprerepo","watchtest","Maven","388.06 MB",406913721
"jonprerepo","SMP_IDP_Hosted","Maven","380.01 MB",398465054
"jonprerepo","AIRBUS_release","Maven","376.55 MB",394841019
"jonprerepo","AEMAcceleratorhosted","Maven","372.06 MB",390131286
"jonprerepo","icets-cortex-ui-npm","npm","369.63 MB",387582934
"jonprerepo","alumniportal2","Docker","359.43 MB",376884956
"jonprerepo","iedps_maven","Maven","356.21 MB",373516686
"jonprerepo","infy-dish-repo-maven","Maven","339.64 MB",356139853
"jonprerepo","CAPRepo","Generic","303.59 MB",318338142
"jonprerepo","impact_botrepo","Generic","303.18 MB",317904209
"jonprerepo","hsbc_ipsRepo","Maven","303.02 MB",317734959
"jonprerepo","idom-docker","Docker","298.71 MB",313220877
"jonprerepo","jfrog-automation","Generic","283.19 MB",296948068
"jonprerepo","itap-maven","Maven","282.11 MB",295812443
"jonprerepo","necessity","Generic","260.76 MB",273429771
"jonprerepo","Infosys_XR_Platform_Maven","Maven","257.66 MB",270176361
"jonprerepo","ecsadm_digital_oss_maven","Maven","233.76 MB",245119072
"jonprerepo","INDD_SEZOnline","Maven","215.08 MB",225526974
"jonprerepo","xrplatform-docker","Docker","207.59 MB",217674801
"jonprerepo","SonarDev","RPM","196.64 MB",206192630
"jonprerepo","Sonardevx","Generic","196.64 MB",206192630
"jonprerepo","LE_Design_System","npm","180.48 MB",189242403
"jonprerepo","ENGNE_InfosysNetworkController_maven","Maven","174.59 MB",183072945
"jonprerepo","postgresql_windows64","RPM","171.05 MB",179357735
"jonprerepo","IIGNEXT_DEV_Release","Maven","167.47 MB",175601142
"jonprerepo","vn-maven-local","Maven","165.89 MB",173943329
"jonprerepo","ims-idm","Generic","160.07 MB",167841383
"jonprerepo","SPEAR_Backend_Repo","Maven","153.12 MB",160556178
"jonprerepo","idf-platform-docker","Docker","147.29 MB",154442632
"jonprerepo","ExConfigKit_release","Maven","145.21 MB",152266722
"jonprerepo","Dossier-BackEndAPI","npm","143.65 MB",150630385
"jonprerepo","itap-sol-images-docker","Docker","143.63 MB",150603986
"jonprerepo","microservice-generator","Docker","142.83 MB",149769867
"jonprerepo","soapui_new","Generic","140.67 MB",147499786
"jonprerepo","SoapUI-Zip","Generic","140.67 MB",147499786
"jonprerepo","nissan-arfas-release","Maven","135.85 MB",142447274
"jonprerepo","och-ext-lib-repo_release","Maven","135.59 MB",142171597
"jonprerepo","Mercury_Tpatch","Maven","127.46 MB",133650682
"jonprerepo","cust-devops","Docker","120.41 MB",126254285
"jonprerepo","och-dev-repo_Release","Maven","117.81 MB",123531584
"jonprerepo","digitrandockerrepo","Docker","115.25 MB",120851047
"jonprerepo","IAP_3rd_Party","Maven","113.75 MB",119279245
"jonprerepo","redhat-local","Docker","112.91 MB",118398043
"jonprerepo","jfrog-usage-logs","Generic","105.98 MB",111129278
"jonprerepo","mercury-repo_Snapshot","Maven","105.12 MB",110221314
"jonprerepo","santander_group","Generic","94.16 MB",98735378
"jonprerepo","IAP_snapshot","Maven","93.68 MB",98225797
"jonprerepo","gitlfsprod","GitLfs","91.29 MB",95727570
"jonprerepo","icets-de-chatbot","npm","89.26 MB",93590755
"jonprerepo","iCETS-iCITP-mvn","Maven","85.81 MB",89974394
"jonprerepo","IDPMRepo","Maven","84.22 MB",88306288
"jonprerepo","och-dev-repo_Snapshot","Maven","81.55 MB",85508731
"jonprerepo","vscode-devx","RPM","75.48 MB",79150809
"jonprerepo","TIPlus","Generic","72.68 MB",76211137
"jonprerepo","gitlfs-local","GitLfs","64.39 MB",67520289
"jonprerepo","EVCreditEdge_snapshot","Maven","61.27 MB",64250705
"jonprerepo","icets-ui","npm","60.76 MB",63709603
"jonprerepo","AngularWorkbenchArtifactory","npm","58.16 MB",60982570
"jonprerepo","infy_cdc_stubs_snapshot_maven","Maven","56.83 MB",59585826
"jonprerepo","helixpocrepo","Docker","52.25 MB",54791666
"jonprerepo","vn-rpm-docker-local","RPM","46.55 MB",48810531
"jonprerepo","dcm-devops","Docker","46.09 MB",48326279
"jonprerepo","itaf","RPM","45.03 MB",47214331
"jonprerepo","iig_metadataservice_maven","Maven","37.74 MB",39575105
"jonprerepo","EAISICP_REPO-Snapshot","Maven","35.60 MB",37332516
"jonprerepo","QLTYEQS_angular","npm","34.24 MB",35908212
"jonprerepo","SMPNexusRepo-Release","Maven","32.91 MB",34503969
"jonprerepo","helix-b2b-payer-ng-ui","npm","32.00 MB",33554793
"jonprerepo","Infosys_Helix_Npm","npm","30.07 MB",31533072
"jonprerepo","JHipster_Local","Maven","27.92 MB",29275278
"jonprerepo","IHP_UI","npm","27.77 MB",29123370
"jonprerepo","aicloud_npm","npm","27.26 MB",28586738
"jonprerepo","IMAPCT_BotRepo","Generic","25.18 MB",26401389
"jonprerepo","wellsfargo_3rd_Party","Maven","19.86 MB",20827945
"jonprerepo","proximus-release","Maven","19.60 MB",20554674
"jonprerepo","TVMADMTMOTFB_maven","Maven","19.38 MB",20325198
"jonprerepo","Insights","Generic","18.90 MB",19822890
"jonprerepo","nodeJs-windows64bit","RPM","17.34 MB",18182144
"jonprerepo","Test_Hosted","Maven","16.28 MB",17073053
"jonprerepo","AGCDERMS","NuGet","16.01 MB",16787583
"jonprerepo","rpm-local","RPM","15.03 MB",15758095
"jonprerepo","doe-npm-repo","npm","14.55 MB",15259291
"jonprerepo","Icets_iedps_npm","npm","12.88 MB",13501627
"jonprerepo","RBCP","Generic","12.54 MB",13148946
"jonprerepo","IDP_Demo_release","Maven","10.42 MB",10922732
"jonprerepo","Helix_Coverage_Maven","Maven","10.40 MB",10900900
"jonprerepo","NACRE-repo","Generic","10.29 MB",10793362
"jonprerepo","BlackDuck_Protex","Maven","8.59 MB",9012212
"jonprerepo","lead_npm","npm","8.52 MB",8932620
"jonprerepo","innovprojects_generic","Generic","8.47 MB",8883516
"jonprerepo","eaisimap_repo-snapshot_maven","Maven","7.54 MB",7908481
"jonprerepo","USDLYAPP_bin","GitLfs","7.53 MB",7897129
"jonprerepo","lecap-workspace","Generic","7.38 MB",7737610
"jonprerepo","Angular_workbench_components","npm","7.03 MB",7373253
"jonprerepo","Infosys-web-Release","Maven","6.84 MB",7176374
"jonprerepo","Nissan_Arfas","Generic","6.51 MB",6831195
"jonprerepo","DXSolutions","NuGet","6.36 MB",6668071
"jonprerepo","infy_de_chatbot","Pypi","6.36 MB",6665198
"jonprerepo","NagiosScripts","RPM","6.19 MB",6494534
"jonprerepo","axaxl_nuget","NuGet","6.11 MB",6410980
"jonprerepo","helix-core-ui-lib","npm","5.72 MB",5993692
"jonprerepo","IDPModernization-hosted","Maven","5.69 MB",5968764
"jonprerepo","telemetry_sdk_is_hostedrepo","npm","5.29 MB",5548151
"jonprerepo","helix-ui-lib-project","npm","5.05 MB",5300315
"jonprerepo","react_storybook","npm","4.36 MB",4573476
"jonprerepo","ntet-mvn-repo_release","Maven","4.26 MB",4471307
"jonprerepo","DNA_OWB-gen","Generic","4.25 MB",4453801
"jonprerepo","chicos-release","Maven","4.15 MB",4350779
"jonprerepo","Infybmp_generic","Generic","3.92 MB",4111232
"jonprerepo","postgres-Windows-msi","RPM","3.85 MB",4038656
"jonprerepo","GSTN-Release","Maven","3.70 MB",3883169
"jonprerepo","MFG_TEC_3rdPARTY","Maven","3.68 MB",3863664
"jonprerepo","vm-automation_maven","Maven","3.64 MB",3816333
"jonprerepo","ansible-itaf","RPM","3.35 MB",3516231
"jonprerepo","ELC_Release","Maven","3.24 MB",3398100
"jonprerepo","LBAAS","Pypi","2.80 MB",2933749
"jonprerepo","helm-local","Helm","2.47 MB",2592760
"jonprerepo","AlconNxtHelper","NuGet","2.29 MB",2404278
"jonprerepo","eNectar","Maven","2.02 MB",2122460
"jonprerepo","deh_platformmsdev_maven","Maven","1.80 MB",1889974
"jonprerepo","iccp_maven","Maven","1.64 MB",1724200
"jonprerepo","TG_Release","Maven","1.41 MB",1479124
"jonprerepo","IDPDeployment","Maven","1.37 MB",1438538
"jonprerepo","central-bot-repository-python","Pypi","1.36 MB",1420871
"jonprerepo","SelfService","Generic","1.33 MB",1392184
"jonprerepo","FileMan-FrontEndAPI","npm","1.24 MB",1299788
"jonprerepo","central-bot-repository-dotnet","NuGet","1.15 MB",1202137
"jonprerepo","AXAXLMVN-local","Maven","1.06 MB",1109332
"jonprerepo","iCETS-iCTP","Maven","1.02 MB",1064639
"jonprerepo","CyberCentral","Generic","1.00 MB",1048654
"jonprerepo","ivs-ss-data-services_snapshot","Maven","1,012.21 KB",1036499
"jonprerepo","anz_ibsc_local","Maven","958.20 KB",981192
"jonprerepo","ANZ_IBSC_snapshot","Maven","958.20 KB",981192
"jonprerepo","iCETS-iCITP-python","Pypi","924.09 KB",946272
"jonprerepo","ExperienceConfigurator","npm","791.89 KB",810896
"jonprerepo","devopscoe-maven-local","Maven","737.71 KB",755411
"jonprerepo","my-app","npm","704.97 KB",721894
"jonprerepo","Telemetry_SDK_Release","Maven","608.17 KB",622763
"jonprerepo","react_dxcli","npm","583.86 KB",597875
"jonprerepo","auth-azure-infosys","npm","536.04 KB",548908
"jonprerepo","conda-local","Conda","534.68 KB",547515
"jonprerepo","Digital-Foundry-Custom-Packages","npm","482.09 KB",493661
"jonprerepo","IMP-Nuget","NuGet","480.54 KB",492076
"jonprerepo","keycloakotp","Maven","340.49 KB",348663
"jonprerepo","stg_observability_maven","Maven","331.89 KB",339854
"jonprerepo","kotlin-components","Maven","328.45 KB",336330
"jonprerepo","IVS-Vanguard-Automation-Framework","Maven","320.00 KB",327676
"jonprerepo","DigiTranRepo","Generic","275.17 KB",281772
"jonprerepo","junit-devx","RPM","264.47 KB",270821
"jonprerepo","stouch-snapshots","Maven","232.77 KB",238361
"jonprerepo","IIP_Snapshots","Maven","216.70 KB",221904
"jonprerepo","EON_Nuget_3rd_party","NuGet","173.50 KB",177665
"jonprerepo","IBM-DBB-DEMO","Generic","168.00 KB",172032
"jonprerepo","dsa_header","npm","163.32 KB",167243
"jonprerepo","cwp_madhuri","Maven","159.61 KB",163438
"jonprerepo","vn-generic-repo","Generic","139.78 KB",143137
"jonprerepo","LiveEnterprise","Maven","139.78 KB",143134
"jonprerepo","EAISICP_REPO-Release","Maven","110.47 KB",113124
"jonprerepo","Telemetry_SDK_Snapshot","Maven","101.54 KB",103981
"jonprerepo","AXAXLPOC","Generic","101.48 KB",103911
"jonprerepo","Infosys_Helix_Maven","Maven","81.62 KB",83579
"jonprerepo","iOS_advanced_logger","CocoaPods","75.17 KB",76975
"jonprerepo","debian-local","Debian","71.83 KB",73559
"jonprerepo","maven_training","Maven","58.77 KB",60183
"jonprerepo","vn-npm-local","npm","58.02 KB",59411
"jonprerepo","axaxl_npm","npm","55.96 KB",57302
"jonprerepo","InfosysIT.InfymeWeb.Angularwidgets","npm","54.33 KB",55638
"jonprerepo","IVS_ETA","Maven","52.24 KB",53493
"jonprerepo","central-bot-repository-java","Maven","42.63 KB",43649
"jonprerepo","DTW_gradle_local","Gradle","37.92 KB",38828
"jonprerepo","maven-releases","Maven","37.42 KB",38314
"jonprerepo","infy_cdc_stubs_release_maven","Maven","34.69 KB",35521
"jonprerepo","screener-runner-local","npm","33.05 KB",33841
"jonprerepo","nuget-hosted","NuGet","31.79 KB",32550
"jonprerepo","IDP_Releases","Maven","26.66 KB",27295
"jonprerepo","channels_npm_repo","npm","24.73 KB",25321
"jonprerepo","eaisimap_repo-release_maven","Maven","22.15 KB",22683
"jonprerepo","DX_ReusableComponents","npm","16.80 KB",17206
"jonprerepo","ConfigureRemotingForAnsible.","RPM","16.42 KB",16817
"jonprerepo","ag_infra_codestore_assets","Generic","12.79 KB",13099
"jonprerepo","praveen_npm","npm","12.33 KB",12630
"jonprerepo","observability_npm","npm","11.57 KB",11848
"jonprerepo","npm_cds-cli_local","npm","11.40 KB",11670
"jonprerepo","reactnpm_poc","npm","10.53 KB",10783
"jonprerepo","ResumeParser_generic","Generic","9.25 KB",9472
"jonprerepo","ISNA-Docker","Maven","9.11 KB",9330
"jonprerepo","unified-search","Maven","8.43 KB",8633
"jonprerepo","stg_observability_python","Pypi","8.29 KB",8485
"jonprerepo","icortex2_helm","Helm","7.44 KB",7621
"jonprerepo","eta-ui-artifacts","npm","7.03 KB",7203
"jonprerepo","stg_nudge_maven","Maven","6.08 KB",6230
"jonprerepo","MyMavenProject_Snapshot","Maven","5.97 KB",6116
"jonprerepo","iaap","Docker","4.54 KB",4644
"jonprerepo","IVS_ICETS_INNOVATIONS","Generic","4.10 KB",4202
"jonprerepo","niranjan-gradle-release-local","Gradle","3.77 KB",3856
"jonprerepo","example-repo-local","Generic","3.15 KB",3223
"jonprerepo","CLDAzure-Terraform","Generic","2.19 KB",2238
"jonprerepo","Bower-local","Bower","1.97 KB",2016
"jonprerepo","vn-local-helm","Helm","1.88 KB",1921
"jonprerepo","TG-3rd-Party","Maven","1.76 KB",1798
"jonprerepo","genericTestRepo","Generic","1.71 KB",1749
"jonprerepo","dnaengg_solutions","Pypi","1.43 KB",1464
"jonprerepo","dockerrpm-local","RPM","1.35 KB",1386
"jonprerepo","vn-local-python","Pypi","1.10 KB",1127
"jonprerepo","visamaster-ui","npm","817 bytes",817
"jonprerepo","Sunbird-sdk-directives","npm","792 bytes",792
"jonprerepo","IDP_Testing","Maven","517 bytes",517
"jonprerepo","Avon_3rd_Party","Maven","366 bytes",366
"jonprerepo","Avon_3rd_Party_release","Maven","366 bytes",366
"jonprerepo","CEHRepo_3rd_Party_Release","Maven","366 bytes",366
"jonprerepo","codehaus-release","Maven","366 bytes",366
"jonprerepo","codehaus-snapshots","Maven","366 bytes",366
"jonprerepo","ELC_Snapshot","Maven","366 bytes",366
"jonprerepo","ICIP_test","Maven","366 bytes",366
"jonprerepo","indiaBU_3rd_Party","Maven","366 bytes",366
"jonprerepo","ITD-Repository-release","Maven","366 bytes",366
"jonprerepo","maven-snapshots","Maven","366 bytes",366
"jonprerepo","MavenMuleCICD_3rd_Party","Maven","366 bytes",366
"jonprerepo","MFG_TEC-Snapshots","Maven","366 bytes",366
"jonprerepo","MFG-TEC-Releases","Maven","366 bytes",366
"jonprerepo","MyWorks_3rd_Party","Maven","366 bytes",366
"jonprerepo","och-ext-lib-repo_snapshot","Maven","366 bytes",366
"jonprerepo","otsc_Release","Maven","366 bytes",366
"jonprerepo","otsc_Snapshot","Maven","366 bytes",366
"jonprerepo","Reuse_3rd_Party","Maven","366 bytes",366
"jonprerepo","SOEAOSTP_Releases","Maven","366 bytes",366
"jonprerepo","SOEAOSTP_Snapshots","Maven","366 bytes",366
"jonprerepo","TG-Snapshot","Maven","366 bytes",366
"jonprerepo","vw-3rd-party","Maven","366 bytes",366
"jonprerepo","coderhelm-local","Helm","57 bytes",57
"jonprerepo","ecsadmcats-com-docker","Docker","16 bytes",16
"jonprerepo","email-microservice","Docker","16 bytes",16
"jonprerepo","icets-cs-docker-t","Docker","16 bytes",16
"jonprerepo","iig-engine-dbt-docker-local","Docker","16 bytes",16
"jonprerepo","infosys-xr-platform-docker","Docker","16 bytes",16
"jonprerepo","itaf-docker-local","Docker","16 bytes",16
"jonprerepo","sms-microservice","Docker","16 bytes",16
"jonprerepo","test1-repo","Docker","16 bytes",16
"jonprerepo","abc-build-info","BuildInfo","0 bytes",0
"jonprerepo","admcoe-nxtgen","Docker","0 bytes",0
"jonprerepo","admin-maven-release","Maven","0 bytes",0
"jonprerepo","admin-test-build-info","BuildInfo","0 bytes",0
"jonprerepo","Angular11_Hackathon","Maven","0 bytes",0
"jonprerepo","brandin-praveen","Conda","0 bytes",0
"jonprerepo","doe-helm-repo","Helm","0 bytes",0
"jonprerepo","ecsadmcats-build-info","BuildInfo","0 bytes",0
"jonprerepo","ecsadmcats-com-maven","Maven","0 bytes",0
"jonprerepo","ewsui_npm","npm","0 bytes",0
"jonprerepo","gstn-build-info","BuildInfo","0 bytes",0
"jonprerepo","icets_cs_maven_t","Maven","0 bytes",0
"jonprerepo","idom_library","npm","0 bytes",0
"jonprerepo","idtw_bigdata","Maven","0 bytes",0
"jonprerepo","idtw_core","Maven","0 bytes",0
"jonprerepo","idtw_ui_npm","npm","0 bytes",0
"jonprerepo","IIG-Engine-DBT-Python-Local","Pypi","0 bytes",0
"jonprerepo","IIG-Metadata-Maven-Local","Maven","0 bytes",0
"jonprerepo","iiguinpm-build-info","BuildInfo","0 bytes",0
"jonprerepo","jfrog-test","Generic","0 bytes",0
"jonprerepo","jonprerepo-build-info","BuildInfo","0 bytes",0
"jonprerepo","manisha-demo","npm","0 bytes",0
"jonprerepo","niranjan-gradle-dev-local","Gradle","0 bytes",0
"jonprerepo","npm-local-mana","npm","0 bytes",0
"jonprerepo","phdocker-build-info","BuildInfo","0 bytes",0
"jonprerepo","python-local-artifactory","Pypi","0 bytes",0
"jonprerepo","QAUTO-Insights-Python-Local","Pypi","0 bytes",0
"jonprerepo","vn-generic-fed","Generic","0 bytes",0
"jonprerepo","vnmp1-build-info","BuildInfo","0 bytes",0
"jonprerepo","vnp-build-info","BuildInfo","0 bytes",0
"kone","kone-build-info","BuildInfo","0 bytes",0
"kone","kone-data-platform","Generic","0 bytes",0
"kube-guild","kube-guild-cache","Docker","255.18 MB",267571751
"kube-guild","kube-sre","Docker","16 bytes",16
"kube-guild","kube-guild-build-info","BuildInfo","0 bytes",0
"leap","icets-ai_generic","Generic","5.26 TB",5782525231130
"leap","icets-ai_maven","Maven","5.02 TB",5522286376640
"leap","icets-ai_npm","npm","526.74 GB",565587055511
"leap","icets-ai_npm_virtual","npm","2.61 GB",2807447035
"leap","icets-ai_python","Pypi","884.37 MB",927324988
"leap","icets-maven-virtual","Maven","9.38 MB",9836844
"leap","icets-ai_python_virtual","Pypi","327 bytes",327
"leap","leap-build-info","BuildInfo","0 bytes",0
"lecap","lecap-workspace-images","Docker","12.81 GB",13754987318
"lecap","lecap-build-info","BuildInfo","0 bytes",0
"leds","leds-build-info","BuildInfo","0 bytes",0
"mana-gradle","maven-remote-cache","Maven","83.18 GB",89316904638
"mana-gradle","gradle-service-cache","Gradle","13.05 GB",14011129272
"mana-gradle","maven-google-cache","Maven","11.07 GB",11888001278
"mana-gradle","gradle-remote-cache","Gradle","2.21 GB",2369501955
"mana-gradle","libs-release","Maven","33.36 MB",34984410
"mana-gradle","gradle-virtual","Gradle","4.10 MB",4300788
"mana-gradle","vn-gradle-virtual","Gradle","597.74 KB",612090
"mana-gradle","gradle-remote1-cache","Gradle","0 bytes",0
"mana-gradle","mana-gradle-build-info","BuildInfo","0 bytes",0
"mana-npm","mana-npm-build-info","BuildInfo","0 bytes",0
"marcomstg","marcom-commons","Maven","204.67 MB",214610599
"marcomstg","marcomstg-build-info","BuildInfo","0 bytes",0
"mb","google-maven-cache","Maven","16.40 GB",17614159589
"mb","google-maven1-cache","Maven","0 bytes",0
"mb","google-maven2-cache","Maven","0 bytes",0
"mb","mb-build-info","BuildInfo","0 bytes",0
"mcip","mcip-build-info","BuildInfo","0 bytes",0
"msusp","msusp-build-info","BuildInfo","0 bytes",0
"msusp","msusp-USP_Local","NuGet","0 bytes",0
"musgrave","musgrave-build-info","BuildInfo","0 bytes",0
"mv","mv-google-generic-cache","Generic","52.17 MB",54699511
"mv","mv-build-info","BuildInfo","0 bytes",0
"nbnperin","nbnperin-build-info","BuildInfo","0 bytes",0
"nia","nia-build-info","BuildInfo","0 bytes",0
"nnp","nnp-build-info","BuildInfo","0 bytes",0
"nnp","vn-npm-virtual","npm","0 bytes",0
"ocp","ocp-build-info","BuildInfo","0 bytes",0
"orcall-ult","idp-xstore-pipeline","Generic","6.19 GB",6646698513
"orcall-ult","orcall-ult-build-info","BuildInfo","0 bytes",0
"pcs","mdlz-gcp-poc-virtual","Docker","321 bytes",321
"pcs","mdlz-gcp-poc-local","Docker","16 bytes",16
"pcs","pcs-build-info","BuildInfo","0 bytes",0
"pdr","pdr-build-info","BuildInfo","0 bytes",0
"pepsico","pepsico-saleslead_remote-cache","VCS","85.89 MB",90064655
"pepsico","pepsico-swift-github-remote-cache","Generic","819.91 KB",839586
"pepsico","pepsico-couchbaseLit-cache","VCS","426.67 KB",436905
"pepsico","cocoapods_vertual","CocoaPods","0 bytes",0
"pepsico","pepsico-build-info","BuildInfo","0 bytes",0
"pepsico","pepsico-spm-virtual","Generic","0 bytes",0
"pftrust","pftrustimages-docker","Docker","274.15 GB",294361389940
"pftrust","pftrust-build-info","BuildInfo","0 bytes",0
"pilotpoc","pilotpoc-build-info","BuildInfo","0 bytes",0
"pnbgstas","GSTCompliance","Maven","348.42 MB",365340661
"pnbgstas","pnbgstas-build-info","BuildInfo","0 bytes",0
"poc","poc-build-info","BuildInfo","0 bytes",0
"podman","infosyslivinglabs-artifactory","Docker","160.27 GB",172091345483
"podman","podman-build-info","BuildInfo","0 bytes",0
"polycloud","polycloud-build-info","BuildInfo","0 bytes",0
"project","project-build-info","BuildInfo","0 bytes",0
"project-analytics","project-analytics-docker","Docker","12.62 GB",13554867029
"project-analytics","project-analytics-build-info","BuildInfo","0 bytes",0
"projecta","projecta-build-info","BuildInfo","0 bytes",0
"projectyod","projectyod-build-info","BuildInfo","0 bytes",0
"psv-player","psv-player-build-info","BuildInfo","0 bytes",0
"pypi","pypi-build-info","BuildInfo","0 bytes",0
"pypr","pypr-build-info","BuildInfo","0 bytes",0
"pythoncomm","pythoncomm-build-info","BuildInfo","0 bytes",0
"pythonfw","EAIS_Py","Pypi","0 bytes",0
"pythonfw","pythonfw-build-info","BuildInfo","0 bytes",0
"qaa","qaa-docker-local","Docker","547.94 MB",574555873
"qaa","qaa-build-info","BuildInfo","0 bytes",0
"qaut","qaut-build-info","BuildInfo","0 bytes",0
"qauto","qauto-build-info","BuildInfo","0 bytes",0
"qautoi","qautoi-build-info","BuildInfo","0 bytes",0
"qcd","qcd-build-info","BuildInfo","0 bytes",0
"qlty","qlty-build-info","BuildInfo","0 bytes",0
"qlty-tas","qlty-tas-build-info","BuildInfo","0 bytes",0
"qltyimp","qltyimp-build-info","BuildInfo","0 bytes",0
"rabobank","rabobank-build-info","BuildInfo","0 bytes",0
"rcldcg","rcldcg-build-info","BuildInfo","0 bytes",0
"remote","remote-build-info","BuildInfo","0 bytes",0
"resumepars","resumeparserservice-docker","Docker","16 bytes",16
"resumepars","resumepars-build-info","BuildInfo","0 bytes",0
"resumepars","resumeparserservice","Maven","0 bytes",0
"reuse-tool","go-goproxy-cache","Go","17.40 GB",18677857147
"reuse-tool","reuse-tool-docker-federated","Docker","741.24 MB",777241497
"reuse-tool","go-github-cache","Go","491.32 MB",515188780
"reuse-tool","reuse-tool-docker-vr","Docker","321 bytes",321
"reuse-tool","reuse-tool-gradle-vr","Gradle","321 bytes",321
"reuse-tool","reuse-tool-go-vr","Go","313 bytes",313
"reuse-tool","reuse-tool-build-info","BuildInfo","0 bytes",0
"reuse-tool","reuse-tool-go-federated","Go","0 bytes",0
"reuse-tool","reuse-tool-npm-federated","npm","0 bytes",0
"sampleproj","vm-docker-local","Docker","217.91 MB",228492550
"sampleproj","sampleproj-build-info","BuildInfo","0 bytes",0
"sbequest-e","sbequest-e-build-info","BuildInfo","0 bytes",0
"scale-toolbox","3scale-toolbox","Docker","16 bytes",16
"scale-toolbox","scale-toolbox-build-info","BuildInfo","0 bytes",0
"scmbloc","scmbloc-build-info","BuildInfo","0 bytes",0
"sdam","sdammlops","Docker","16 bytes",16
"sdam","sdam-build-info","BuildInfo","0 bytes",0
"sipmp","sipmp","Docker","19.27 GB",20689560572
"sipmp","sipmp-build-info","BuildInfo","0 bytes",0
"sivssmy1","sivssmy1-build-info","BuildInfo","0 bytes",0
"sozi","sozi-build-info","BuildInfo","0 bytes",0
"spear","spear-build-info","BuildInfo","0 bytes",0
"ssccstmy","ssccstmy-reportaproblem-docker","Docker","16 bytes",16
"ssccstmy","ssccstmy-build-info","BuildInfo","0 bytes",0
"stg","stg-tools","Docker","106.63 GB",114496522934
"stg","stg-apoc","Docker","1.31 GB",1406522493
"stg","stg-iwp","Maven","108.63 MB",113903944
"stg","stg-rec-cache","Docker","16 bytes",16
"stg","stg-build-info","BuildInfo","0 bytes",0
"stg","stg-golang","Go","0 bytes",0
"stg","stg-iwp-commons-cache","Maven","0 bytes",0
"stg","stg-test-maven-mcp","Maven","0 bytes",0
"stgiwp","stgiwp-build-info","BuildInfo","0 bytes",0
"stgpwdna","stgpwdna-build-info","BuildInfo","0 bytes",0
"sts","sts-stg-ai-products-npm","npm","137.96 KB",141270
"sts","sts-build-info","BuildInfo","0 bytes",0
"tasproject","infosys-tas-local","Docker","28.06 GB",30127644201
"tasproject","tasproject-build-info","BuildInfo","0 bytes",0
"teamassistantapp","teamassistantapp-build-info","BuildInfo","0 bytes",0
"telco","tca-docker-repo","Docker","15.55 GB",16698189742
"telco","tca-onap-maven-cache","Maven","4.01 GB",4303693953
"telco","vn-python-remote-cache","Pypi","263.41 MB",276208603
"telco","nexusonapdocker-remote-cache","Docker","618.84 KB",633697
"telco","telco-build-info","BuildInfo","0 bytes",0
"telemetry","telemetry-build-info","BuildInfo","0 bytes",0
"test","pipeline-docker","Docker","6.18 GB",6637881897
"test","pipeline-maven","Maven","214.32 MB",224726345
"test","pipeline-npm","npm","66 bytes",66
"test","test-build-info","BuildInfo","0 bytes",0
"tkmgstas","tkmgstas-build-info","BuildInfo","0 bytes",0
"tktaudit","tktaudit-build-info","BuildInfo","0 bytes",0
"tomsdxsz","tomsdxsz-build-info","BuildInfo","0 bytes",0
"tomsdxsz","TOMSDXSZ-gradle-cache","Gradle","0 bytes",0
"tomsdxsz","TOMSDXSZ-jitpack-cache","Generic","0 bytes",0
"tomsdxsz","TOMSDXSZ-maven-cache","Maven","0 bytes",0
"tomsdxsz","TOMSDXSZ-maven2-cache","Maven","0 bytes",0
"tomsdxsz","TOMSDXSZ-service-cache","Gradle","0 bytes",0
"topaz-febric","topaz-fabric","Docker","28.29 TB",31102547128573
"topaz-febric","docker-local","Docker","27.30 TB",30011948253779
"topaz-febric","icortex2","Docker","5.28 TB",5802455176052
"topaz-febric","project-yoda-docker","Docker","649.70 GB",697607544086
"topaz-febric","topaz-febric-huggingface-repo-cache","HuggingFaceML","391.55 GB",420419839261
"topaz-febric","pypi-remote-1-cache","Pypi","210.74 GB",226281653293
"topaz-febric","pypi-remote-cache","Pypi","151.54 GB",162718198479
"topaz-febric","DynamoDBLocal-cache","Maven","70.13 GB",75303133253
"topaz-febric","ilen-mvn-cache","Maven","37.76 GB",40541213259
"topaz-febric","project-yoda-docker-local","Docker","16 bytes",16
"topaz-febric","topaz-febric-build-info","BuildInfo","0 bytes",0
"tpp","tpp-build-info","BuildInfo","0 bytes",0
"tsibgsta","tsibgsta-build-info","BuildInfo","0 bytes",0
"ttmgen","ttmgen_generic","Generic","612.04 MB",641766814
"ttmgen","ttmgen-build-info","BuildInfo","0 bytes",0
"uicore","uicore-build-info","BuildInfo","0 bytes",0
"vdp","vn-docker-local","Docker","5.75 GB",6170102772
"vdp","vdp-build-info","BuildInfo","0 bytes",0
"vdp","vn-local-nuget","NuGet","0 bytes",0
"vndummy","vndummy-build-info","BuildInfo","0 bytes",0
"vngp","vn-go-remote-cache","Go","373.58 MB",391728609
"vngp","vn-go-federated","Go","911 bytes",911
"vngp","vn-go-virtual","Go","307 bytes",307
"vngp","vngp-build-info","BuildInfo","0 bytes",0
"vngradle","vn-gradle-local","Gradle","2.63 MB",2756484
"vngradle","vngradle-build-info","BuildInfo","0 bytes",0
"vnmp","maven-revealbi-remote-cache","Maven","20.70 MB",21709454
"vnmp","vn-maven-virtual-repo","Maven","14.62 MB",15327175
"vnmp","maven-revealbi-cache","Maven","10.37 MB",10875893
"vnmp","vn-maven-remote-cache","Maven","169.60 KB",173670
"vnmp","vnmp-build-info","BuildInfo","0 bytes",0
"vnpm","niranjan-npm-virtual","npm","0 bytes",0
"vnpm","vnpm-build-info","BuildInfo","0 bytes",0
"vnpub","vn-pub-remote-cache","Pub","385.62 MB",404350905
"vnpub","vn-pub-federated","Pub","262.14 KB",268433
"vnpub","vn-pub-virtual","Pub","0 bytes",0
"vnpub","vnpub-build-info","BuildInfo","0 bytes",0
"vnpyprj","vnpyprj-build-info","BuildInfo","0 bytes",0
"wingspan","wingspanapps","Docker","3.13 TB",3444240802526
"wingspan","wingspan-build-info","BuildInfo","0 bytes",0
"wpteshz","wpteshz-build-info","BuildInfo","0 bytes",0
"wrapper","wrapper-wrapper-docker-local","Docker","16 bytes",16
"wrapper","wrapper-build-info","BuildInfo","0 bytes",0
